서울특별시,60,127
서울특별시종로구,60,127
서울특별시종로구청운효자동,60,127
서울특별시종로구사직동,60,127
서울특별시종로구삼청동,60,127
서울특별시종로구부암동,60,127
서울특별시종로구평창동,60,127
서울특별시종로구무악동,60,127
서울특별시종로구교남동,60,127
서울특별시종로구가회동,60,127
서울특별시종로구종로1.2.3.4가동,60,127
서울특별시종로구종로5.6가동,60,127
서울특별시종로구이화동,60,127
서울특별시종로구혜화동,60,127
서울특별시종로구창신제1동,61,127
서울특별시종로구창신제2동,60,127
서울특별시종로구창신제3동,60,127
서울특별시종로구숭인제1동,60,127
서울특별시종로구숭인제2동,61,127
서울특별시중구,60,127
서울특별시중구소공동,60,127
서울특별시중구회현동,60,126
서울특별시중구명동,60,127
서울특별시중구필동,60,127
서울특별시중구장충동,60,127
서울특별시중구광희동,60,127
서울특별시중구을지로동,60,127
서울특별시중구신당동,60,127
서울특별시중구다산동,60,126
서울특별시중구약수동,60,126
서울특별시중구청구동,60,126
서울특별시중구신당제5동,61,127
서울특별시중구동화동,61,127
서울특별시중구황학동,61,127
서울특별시중구중림동,60,126
서울특별시용산구,60,126
서울특별시용산구후암동,60,126
서울특별시용산구용산2가동,60,126
서울특별시용산구남영동,60,126
서울특별시용산구청파동,60,126
서울특별시용산구원효로제1동,60,126
서울특별시용산구원효로제2동,59,126
서울특별시용산구효창동,60,126
서울특별시용산구용문동,60,126
서울특별시용산구한강로동,60,126
서울특별시용산구이촌제1동,60,126
서울특별시용산구이촌제2동,59,126
서울특별시용산구이태원제1동,60,126
서울특별시용산구이태원제2동,60,126
서울특별시용산구한남동,60,126
서울특별시용산구서빙고동,60,126
서울특별시용산구보광동,60,126
서울특별시성동구,61,127
서울특별시성동구왕십리제2동,61,127
서울특별시성동구왕십리도선동,61,127
서울특별시성동구마장동,61,127
서울특별시성동구사근동,61,127
서울특별시성동구행당제1동,61,126
서울특별시성동구행당제2동,61,126
서울특별시성동구응봉동,61,126
서울특별시성동구금호1가동,61,126
서울특별시성동구금호2.3가동,61,126
서울특별시성동구금호4가동,61,126
서울특별시성동구옥수동,60,126
서울특별시성동구성수1가제1동,61,126
서울특별시성동구성수1가제2동,61,126
서울특별시성동구성수2가제1동,61,126
서울특별시성동구성수2가제3동,61,126
서울특별시성동구송정동,61,126
서울특별시성동구용답동,61,127
서울특별시광진구,62,126
서울특별시광진구화양동,61,126
서울특별시광진구군자동,62,126
서울특별시광진구중곡제1동,62,127
서울특별시광진구중곡제2동,62,127
서울특별시광진구중곡제3동,62,127
서울특별시광진구중곡제4동,62,127
서울특별시광진구능동,62,126
서울특별시광진구광장동,62,126
서울특별시광진구자양제1동,62,126
서울특별시광진구자양제2동,62,126
서울특별시광진구자양제3동,61,126
서울특별시광진구자양제4동,61,126
서울특별시광진구구의제1동,62,126
서울특별시광진구구의제2동,62,126
서울특별시광진구구의제3동,62,126
서울특별시동대문구,61,127
서울특별시동대문구용신동,61,127
서울특별시동대문구제기동,61,127
서울특별시동대문구전농제1동,61,127
서울특별시동대문구전농제2동,61,127
서울특별시동대문구답십리제1동,61,127
서울특별시동대문구답십리제2동,61,127
서울특별시동대문구장안제1동,61,127
서울특별시동대문구장안제2동,61,127
서울특별시동대문구청량리동,61,127
서울특별시동대문구회기동,61,127
서울특별시동대문구휘경제1동,61,127
서울특별시동대문구휘경제2동,61,127
서울특별시동대문구이문제1동,61,127
서울특별시동대문구이문제2동,61,127
서울특별시중랑구,62,128
서울특별시중랑구면목제2동,62,127
서울특별시중랑구면목제4동,62,127
서울특별시중랑구면목제5동,62,127
서울특별시중랑구면목본동,62,127
서울특별시중랑구면목제7동,62,127
서울특별시중랑구면목제3.8동,62,127
서울특별시중랑구상봉제1동,62,127
서울특별시중랑구상봉제2동,62,127
서울특별시중랑구중화제1동,62,127
서울특별시중랑구중화제2동,62,127
서울특별시중랑구묵제1동,62,128
서울특별시중랑구묵제2동,62,128
서울특별시중랑구망우본동,62,127
서울특별시중랑구망우제3동,62,127
서울특별시중랑구신내1동,62,128
서울특별시중랑구신내2동,62,128
서울특별시성북구,61,127
서울특별시성북구성북동,60,127
서울특별시성북구삼선동,60,127
서울특별시성북구동선동,61,127
서울특별시성북구돈암제1동,61,127
서울특별시성북구돈암제2동,60,127
서울특별시성북구안암동,61,127
서울특별시성북구보문동,61,127
서울특별시성북구정릉제1동,60,127
서울특별시성북구정릉제2동,60,127
서울특별시성북구정릉제3동,60,128
서울특별시성북구정릉제4동,60,128
서울특별시성북구길음제1동,61,127
서울특별시성북구길음제2동,61,128
서울특별시성북구종암동,61,127
서울특별시성북구월곡제1동,61,128
서울특별시성북구월곡제2동,61,127
서울특별시성북구장위제1동,61,128
서울특별시성북구장위제2동,61,128
서울특별시성북구장위제3동,61,128
서울특별시성북구석관동,61,128
서울특별시강북구,61,128
서울특별시강북구삼양동,61,128
서울특별시강북구미아동,61,128
서울특별시강북구송중동,61,128
서울특별시강북구송천동,61,128
서울특별시강북구삼각산동,61,128
서울특별시강북구번1동,61,128
서울특별시강북구번2동,61,128
서울특별시강북구번3동,61,128
서울특별시강북구수유1동,60,128
서울특별시강북구수유2동,61,128
서울특별시강북구수유3동,61,128
서울특별시강북구우이동,60,128
서울특별시강북구인수동,60,128
서울특별시도봉구,61,129
서울특별시도봉구창제1동,61,128
서울특별시도봉구창제2동,61,128
서울특별시도봉구창제3동,61,128
서울특별시도봉구창제4동,61,129
서울특별시도봉구창제5동,61,129
서울특별시도봉구도봉제1동,61,129
서울특별시도봉구도봉제2동,61,129
서울특별시도봉구쌍문제1동,61,128
서울특별시도봉구쌍문제2동,61,129
서울특별시도봉구쌍문제3동,61,128
서울특별시도봉구쌍문제4동,61,129
서울특별시도봉구방학제1동,61,129
서울특별시도봉구방학제2동,61,129
서울특별시도봉구방학제3동,61,129
서울특별시노원구,61,129
서울특별시노원구월계1동,61,128
서울특별시노원구월계2동,61,128
서울특별시노원구월계3동,61,128
서울특별시노원구공릉1동,61,128
서울특별시노원구공릉2동,62,128
서울특별시노원구하계1동,61,128
서울특별시노원구하계2동,61,128
서울특별시노원구중계본동,62,128
서울특별시노원구중계1동,62,129
서울특별시노원구중계4동,62,129
서울특별시노원구중계2.3동,61,128
서울특별시노원구상계1동,61,129
서울특별시노원구상계2동,61,129
서울특별시노원구상계3.4동,61,129
서울특별시노원구상계5동,61,129
서울특별시노원구상계6.7동,61,129
서울특별시노원구상계8동,61,129
서울특별시노원구상계9동,61,129
서울특별시노원구상계10동,61,129
서울특별시은평구,59,127
서울특별시은평구녹번동,59,127
서울특별시은평구불광제1동,59,128
서울특별시은평구불광제2동,59,128
서울특별시은평구갈현제1동,59,128
서울특별시은평구갈현제2동,59,128
서울특별시은평구구산동,59,128
서울특별시은평구대조동,59,128
서울특별시은평구응암제1동,59,127
서울특별시은평구응암제2동,59,127
서울특별시은평구응암제3동,59,127
서울특별시은평구역촌동,59,127
서울특별시은평구신사제1동,59,127
서울특별시은평구신사제2동,59,127
서울특별시은평구증산동,59,127
서울특별시은평구수색동,58,127
서울특별시은평구진관동,59,128
서울특별시서대문구,59,127
서울특별시서대문구천연동,60,127
서울특별시서대문구북아현동,59,126
서울특별시서대문구충현동,59,127
서울특별시서대문구신촌동,59,126
서울특별시서대문구연희동,59,127
서울특별시서대문구홍제제1동,59,127
서울특별시서대문구홍제제3동,59,127
서울특별시서대문구홍제제2동,59,127
서울특별시서대문구홍은제1동,59,127
서울특별시서대문구홍은제2동,59,127
서울특별시서대문구남가좌제1동,59,127
서울특별시서대문구남가좌제2동,59,127
서울특별시서대문구북가좌제1동,59,127
서울특별시서대문구북가좌제2동,59,127
서울특별시마포구,59,127
서울특별시마포구아현동,59,126
서울특별시마포구공덕동,60,126
서울특별시마포구도화동,59,126
서울특별시마포구용강동,59,126
서울특별시마포구대흥동,59,126
서울특별시마포구염리동,59,126
서울특별시마포구신수동,59,126
서울특별시마포구서강동,59,126
서울특별시마포구서교동,59,126
서울특별시마포구합정동,59,126
서울특별시마포구망원제1동,59,126
서울특별시마포구망원제2동,59,126
서울특별시마포구연남동,59,127
서울특별시마포구성산제1동,59,127
서울특별시마포구성산제2동,59,127
서울특별시마포구상암동,58,127
서울특별시양천구,58,126
서울특별시양천구목1동,58,126
서울특별시양천구목2동,58,126
서울특별시양천구목3동,58,126
서울특별시양천구목4동,58,126
서울특별시양천구목5동,58,126
서울특별시양천구신월1동,57,126
서울특별시양천구신월2동,58,126
서울특별시양천구신월3동,57,126
서울특별시양천구신월4동,57,126
서울특별시양천구신월5동,57,126
서울특별시양천구신월6동,58,126
서울특별시양천구신월7동,57,126
서울특별시양천구신정1동,58,126
서울특별시양천구신정2동,58,126
서울특별시양천구신정3동,58,126
서울특별시양천구신정4동,58,126
서울특별시양천구신정6동,58,126
서울특별시양천구신정7동,58,125
서울특별시강서구,58,126
서울특별시강서구염창동,58,126
서울특별시강서구등촌제1동,58,126
서울특별시강서구등촌제2동,58,126
서울특별시강서구등촌제3동,58,126
서울특별시강서구화곡제1동,58,126
서울특별시강서구화곡제2동,58,126
서울특별시강서구화곡제3동,57,126
서울특별시강서구화곡제4동,58,126
서울특별시강서구화곡본동,58,126
서울특별시강서구화곡제6동,58,126
서울특별시강서구화곡제8동,58,126
서울특별시강서구가양제1동,57,127
서울특별시강서구가양제2동,58,127
서울특별시강서구가양제3동,58,127
서울특별시강서구발산제1동,57,126
서울특별시강서구우장산동,58,126
서울특별시강서구공항동,57,126
서울특별시강서구방화제1동,57,127
서울특별시강서구방화제2동,57,127
서울특별시강서구방화제3동,57,127
서울특별시구로구,58,125
서울특별시구로구신도림동,58,125
서울특별시구로구구로제1동,58,125
서울특별시구로구구로제2동,58,125
서울특별시구로구구로제3동,58,125
서울특별시구로구구로제4동,58,125
서울특별시구로구구로제5동,58,125
서울특별시구로구가리봉동,58,125
서울특별시구로구고척제1동,58,125
서울특별시구로구고척제2동,58,125
서울특별시구로구개봉제1동,58,125
서울특별시구로구개봉제2동,58,125
서울특별시구로구개봉제3동,58,125
서울특별시구로구오류제1동,58,125
서울특별시구로구오류제2동,57,125
서울특별시구로구수궁동,57,125
서울특별시구로구항동,57,125
서울특별시금천구,59,124
서울특별시금천구가산동,58,125
서울특별시금천구독산제1동,58,125
서울특별시금천구독산제2동,59,124
서울특별시금천구독산제3동,59,125
서울특별시금천구독산제4동,59,124
서울특별시금천구시흥제1동,58,124
서울특별시금천구시흥제2동,59,124
서울특별시금천구시흥제3동,59,124
서울특별시금천구시흥제4동,59,124
서울특별시금천구시흥제5동,59,124
서울특별시영등포구,58,126
서울특별시영등포구영등포본동,59,126
서울특별시영등포구영등포동,59,126
서울특별시영등포구여의동,59,126
서울특별시영등포구당산제1동,58,126
서울특별시영등포구당산제2동,59,126
서울특별시영등포구도림동,59,125
서울특별시영등포구문래동,59,126
서울특별시영등포구양평제1동,58,126
서울특별시영등포구양평제2동,58,126
서울특별시영등포구신길제1동,59,125
서울특별시영등포구신길제3동,59,125
서울특별시영등포구신길제4동,59,125
서울특별시영등포구신길제5동,59,125
서울특별시영등포구신길제6동,59,125
서울특별시영등포구신길제7동,59,125
서울특별시영등포구대림제1동,59,125
서울특별시영등포구대림제2동,58,125
서울특별시영등포구대림제3동,58,125
서울특별시동작구,59,125
서울특별시동작구노량진제1동,59,125
서울특별시동작구노량진제2동,59,125
서울특별시동작구상도제1동,59,125
서울특별시동작구상도제2동,59,125
서울특별시동작구상도제3동,59,125
서울특별시동작구상도제4동,59,125
서울특별시동작구흑석동,60,125
서울특별시동작구사당제1동,60,125
서울특별시동작구사당제2동,60,125
서울특별시동작구사당제3동,60,125
서울특별시동작구사당제4동,60,125
서울특별시동작구사당제5동,60,125
서울특별시동작구대방동,59,125
서울특별시동작구신대방제1동,59,125
서울특별시동작구신대방제2동,59,125
서울특별시관악구,59,125
서울특별시관악구보라매동,59,125
서울특별시관악구청림동,59,125
서울특별시관악구성현동,59,125
서울특별시관악구행운동,59,125
서울특별시관악구낙성대동,60,125
서울특별시관악구청룡동,59,125
서울특별시관악구은천동,59,125
서울특별시관악구중앙동,59,125
서울특별시관악구인헌동,59,125
서울특별시관악구남현동,60,125
서울특별시관악구서원동,59,125
서울특별시관악구신원동,59,125
서울특별시관악구서림동,59,125
서울특별시관악구신사동,59,125
서울특별시관악구신림동,59,125
서울특별시관악구난향동,59,124
서울특별시관악구조원동,59,125
서울특별시관악구대학동,59,125
서울특별시관악구삼성동,59,125
서울특별시관악구미성동,59,125
서울특별시관악구난곡동,59,125
서울특별시서초구,61,125
서울특별시서초구서초1동,61,125
서울특별시서초구서초2동,61,125
서울특별시서초구서초3동,60,125
서울특별시서초구서초4동,61,125
서울특별시서초구잠원동,60,126
서울특별시서초구반포본동,60,125
서울특별시서초구반포1동,60,125
서울특별시서초구반포2동,60,125
서울특별시서초구반포3동,60,125
서울특별시서초구반포4동,60,125
서울특별시서초구방배본동,60,125
서울특별시서초구방배1동,60,125
서울특별시서초구방배2동,60,125
서울특별시서초구방배3동,60,125
서울특별시서초구방배4동,60,125
서울특별시서초구양재1동,61,125
서울특별시서초구양재2동,61,125
서울특별시서초구내곡동,61,124
서울특별시강남구,61,126
서울특별시강남구신사동,61,126
서울특별시강남구논현1동,61,125
서울특별시강남구논현2동,61,126
서울특별시강남구압구정동,61,126
서울특별시강남구청담동,61,126
서울특별시강남구삼성1동,61,125
서울특별시강남구삼성2동,61,125
서울특별시강남구대치1동,61,125
서울특별시강남구대치2동,61,125
서울특별시강남구대치4동,61,125
서울특별시강남구역삼1동,61,125
서울특별시강남구역삼2동,61,125
서울특별시강남구도곡1동,61,125
서울특별시강남구도곡2동,61,125
서울특별시강남구개포1동,61,125
서울특별시강남구개포2동,62,125
서울특별시강남구개포4동,61,125
서울특별시강남구세곡동,62,125
서울특별시강남구일원본동,62,125
서울특별시강남구일원1동,62,125
서울특별시강남구일원2동,62,125
서울특별시강남구수서동,62,125
서울특별시송파구,62,126
서울특별시송파구풍납1동,62,126
서울특별시송파구풍납2동,62,126
서울특별시송파구거여1동,63,125
서울특별시송파구거여2동,63,125
서울특별시송파구마천1동,63,125
서울특별시송파구마천2동,63,125
서울특별시송파구방이1동,62,125
서울특별시송파구방이2동,62,126
서울특별시송파구오륜동,63,126
서울특별시송파구오금동,62,125
서울특별시송파구송파1동,62,125
서울특별시송파구송파2동,62,125
서울특별시송파구석촌동,62,125
서울특별시송파구삼전동,62,125
서울특별시송파구가락본동,62,125
서울특별시송파구가락1동,62,125
서울특별시송파구가락2동,62,125
서울특별시송파구문정1동,62,125
서울특별시송파구문정2동,62,125
서울특별시송파구장지동,63,125
서울특별시송파구위례동,63,125
서울특별시송파구잠실본동,62,125
서울특별시송파구잠실2동,62,126
서울특별시송파구잠실3동,62,125
서울특별시송파구잠실4동,62,126
서울특별시송파구잠실6동,62,126
서울특별시송파구잠실7동,62,125
서울특별시강동구,62,126
서울특별시강동구강일동,63,127
서울특별시강동구상일제1동,63,126
서울특별시강동구상일제2동,63,126
서울특별시강동구명일제1동,63,126
서울특별시강동구명일제2동,63,126
서울특별시강동구고덕제1동,63,127
서울특별시강동구고덕제2동,63,127
서울특별시강동구암사제1동,63,126
서울특별시강동구암사제2동,62,126
서울특별시강동구암사제3동,63,126
서울특별시강동구천호제1동,63,126
서울특별시강동구천호제2동,62,126
서울특별시강동구천호제3동,62,126
서울특별시강동구성내제1동,62,126
서울특별시강동구성내제2동,62,126
서울특별시강동구성내제3동,63,126
서울특별시강동구길동,63,126
서울특별시강동구둔촌제1동,63,126
서울특별시강동구둔촌제2동,63,126
부산광역시,98,76
부산광역시중구,97,74
부산광역시중구중앙동,97,74
부산광역시중구동광동,97,74
부산광역시중구대청동,97,74
부산광역시중구보수동,97,74
부산광역시중구부평동,97,74
부산광역시중구광복동,97,74
부산광역시중구남포동,97,74
부산광역시중구영주제1동,97,74
부산광역시중구영주제2동,97,74
부산광역시서구,97,74
부산광역시서구동대신제1동,97,74
부산광역시서구동대신제2동,97,74
부산광역시서구동대신제3동,97,74
부산광역시서구서대신제1동,97,74
부산광역시서구서대신제3동,97,74
부산광역시서구서대신제4동,97,74
부산광역시서구부민동,97,74
부산광역시서구아미동,97,74
부산광역시서구초장동,97,74
부산광역시서구충무동,97,74
부산광역시서구남부민제1동,97,74
부산광역시서구남부민제2동,97,74
부산광역시서구암남동,97,73
부산광역시동구,98,75
부산광역시동구초량제1동,97,74
부산광역시동구초량제2동,97,74
부산광역시동구초량제3동,97,74
부산광역시동구초량제6동,97,74
부산광역시동구수정제1동,97,74
부산광역시동구수정제2동,97,75
부산광역시동구수정제4동,97,75
부산광역시동구수정제5동,97,75
부산광역시동구좌천동,98,75
부산광역시동구범일제1동,98,75
부산광역시동구범일제2동,98,75
부산광역시동구범일제5동,98,75
부산광역시영도구,98,74
부산광역시영도구남항동,97,74
부산광역시영도구영선제1동,97,74
부산광역시영도구영선제2동,97,74
부산광역시영도구신선동,97,74
부산광역시영도구봉래제1동,97,74
부산광역시영도구봉래제2동,97,74
부산광역시영도구청학제1동,98,74
부산광역시영도구청학제2동,98,74
부산광역시영도구동삼제1동,98,73
부산광역시영도구동삼제2동,98,73
부산광역시영도구동삼제3동,98,74
부산광역시부산진구,97,75
부산광역시부산진구부전제1동,98,75
부산광역시부산진구부전제2동,98,75
부산광역시부산진구연지동,97,76
부산광역시부산진구초읍동,97,76
부산광역시부산진구양정제1동,98,76
부산광역시부산진구양정제2동,98,76
부산광역시부산진구전포제1동,98,75
부산광역시부산진구전포제2동,98,75
부산광역시부산진구부암제1동,97,75
부산광역시부산진구부암제3동,97,75
부산광역시부산진구당감제1동,97,75
부산광역시부산진구당감제2동,97,75
부산광역시부산진구당감제4동,97,75
부산광역시부산진구가야제1동,97,75
부산광역시부산진구가야제2동,97,75
부산광역시부산진구개금제1동,97,75
부산광역시부산진구개금제2동,97,75
부산광역시부산진구개금제3동,97,75
부산광역시부산진구범천제1동,98,75
부산광역시부산진구범천제2동,98,75
부산광역시동래구,98,76
부산광역시동래구수민동,98,76
부산광역시동래구복산동,98,76
부산광역시동래구명륜동,98,77
부산광역시동래구온천제1동,98,77
부산광역시동래구온천제2동,98,76
부산광역시동래구온천제3동,98,76
부산광역시동래구사직제1동,98,76
부산광역시동래구사직제2동,98,76
부산광역시동래구사직제3동,98,76
부산광역시동래구안락제1동,98,76
부산광역시동래구안락제2동,98,76
부산광역시동래구명장제1동,98,76
부산광역시동래구명장제2동,98,76
부산광역시남구,98,75
부산광역시남구대연제1동,98,75
부산광역시남구대연제3동,98,75
부산광역시남구대연제4동,98,75
부산광역시남구대연제5동,98,75
부산광역시남구대연제6동,98,75
부산광역시남구용호제1동,99,74
부산광역시남구용호제2동,99,74
부산광역시남구용호제3동,99,74
부산광역시남구용호제4동,99,74
부산광역시남구용당동,98,74
부산광역시남구감만제1동,98,74
부산광역시남구감만제2동,98,74
부산광역시남구우암동,98,75
부산광역시남구문현제1동,98,75
부산광역시남구문현제2동,98,75
부산광역시남구문현제3동,98,75
부산광역시남구문현제4동,98,75
부산광역시북구,96,76
부산광역시북구구포제1동,97,76
부산광역시북구구포제2동,96,76
부산광역시북구구포제3동,97,76
부산광역시북구금곡동,97,77
부산광역시북구화명제1동,97,77
부산광역시북구화명제2동,97,77
부산광역시북구화명제3동,97,77
부산광역시북구덕천제1동,97,76
부산광역시북구덕천제2동,97,76
부산광역시북구덕천제3동,97,76
부산광역시북구만덕제1동,97,76
부산광역시북구만덕제2동,97,76
부산광역시북구만덕제3동,97,76
부산광역시해운대구,99,75
부산광역시해운대구우제1동,99,75
부산광역시해운대구우제2동,99,76
부산광역시해운대구우제3동,99,75
부산광역시해운대구중제1동,99,75
부산광역시해운대구중제2동,100,75
부산광역시해운대구좌제1동,100,76
부산광역시해운대구좌제2동,100,76
부산광역시해운대구좌제3동,100,76
부산광역시해운대구좌제4동,100,76
부산광역시해운대구송정동,100,76
부산광역시해운대구반여제1동,99,76
부산광역시해운대구반여제2동,99,76
부산광역시해운대구반여제3동,99,76
부산광역시해운대구반여제4동,99,76
부산광역시해운대구반송제1동,99,77
부산광역시해운대구반송제2동,99,77
부산광역시해운대구재송제1동,99,76
부산광역시해운대구재송제2동,99,76
부산광역시사하구,96,74
부산광역시사하구괴정제1동,96,74
부산광역시사하구괴정제2동,97,74
부산광역시사하구괴정제3동,97,74
부산광역시사하구괴정제4동,96,74
부산광역시사하구당리동,96,74
부산광역시사하구하단제1동,96,74
부산광역시사하구하단제2동,96,74
부산광역시사하구신평제1동,96,74
부산광역시사하구신평제2동,96,74
부산광역시사하구장림제1동,96,73
부산광역시사하구장림제2동,96,73
부산광역시사하구다대제1동,96,73
부산광역시사하구다대제2동,96,73
부산광역시사하구구평동,96,73
부산광역시사하구감천제1동,97,74
부산광역시사하구감천제2동,97,74
부산광역시금정구,98,77
부산광역시금정구서제1동,98,77
부산광역시금정구서제2동,98,76
부산광역시금정구서제3동,98,76
부산광역시금정구금사회동동,98,77
부산광역시금정구부곡제1동,98,77
부산광역시금정구부곡제2동,98,77
부산광역시금정구부곡제3동,98,77
부산광역시금정구부곡제4동,98,77
부산광역시금정구장전제1동,98,77
부산광역시금정구장전제2동,98,77
부산광역시금정구선두구동,98,78
부산광역시금정구청룡노포동,98,78
부산광역시금정구남산동,98,78
부산광역시금정구구서제1동,98,77
부산광역시금정구구서제2동,98,77
부산광역시금정구금성동,97,77
부산광역시강서구,96,76
부산광역시강서구대저1동,96,76
부산광역시강서구대저2동,96,76
부산광역시강서구강동동,95,76
부산광역시강서구명지1동,95,74
부산광역시강서구명지2동,95,74
부산광역시강서구가락동,95,76
부산광역시강서구녹산동,94,74
부산광역시강서구가덕도동,93,73
부산광역시연제구,98,76
부산광역시연제구거제제1동,98,76
부산광역시연제구거제제2동,98,76
부산광역시연제구거제제3동,98,76
부산광역시연제구거제제4동,98,76
부산광역시연제구연산제1동,98,76
부산광역시연제구연산제2동,98,76
부산광역시연제구연산제3동,98,76
부산광역시연제구연산제4동,98,76
부산광역시연제구연산제5동,98,76
부산광역시연제구연산제6동,98,76
부산광역시연제구연산제8동,98,76
부산광역시연제구연산제9동,98,76
부산광역시수영구,99,75
부산광역시수영구남천제1동,99,75
부산광역시수영구남천제2동,99,75
부산광역시수영구수영동,99,76
부산광역시수영구망미제1동,98,76
부산광역시수영구망미제2동,99,76
부산광역시수영구광안제1동,99,75
부산광역시수영구광안제2동,99,75
부산광역시수영구광안제3동,99,75
부산광역시수영구광안제4동,99,75
부산광역시수영구민락동,99,75
부산광역시사상구,96,75
부산광역시사상구삼락동,96,76
부산광역시사상구모라제1동,96,76
부산광역시사상구모라제3동,96,76
부산광역시사상구덕포제1동,96,75
부산광역시사상구덕포제2동,96,76
부산광역시사상구괘법동,96,75
부산광역시사상구감전동,96,75
부산광역시사상구주례제1동,97,75
부산광역시사상구주례제2동,97,75
부산광역시사상구주례제3동,97,75
부산광역시사상구학장동,96,75
부산광역시사상구엄궁동,96,75
부산광역시기장군,100,77
부산광역시기장군기장읍,100,77
부산광역시기장군장안읍,101,79
부산광역시기장군정관읍,100,79
부산광역시기장군일광읍,101,78
부산광역시기장군철마면,99,78
대구광역시,89,90
대구광역시중구,89,90
대구광역시중구동인동,89,91
대구광역시중구삼덕동,89,90
대구광역시중구성내1동,89,90
대구광역시중구성내2동,89,90
대구광역시중구성내3동,89,90
대구광역시중구대신동,89,90
대구광역시중구남산1동,89,90
대구광역시중구남산2동,89,90
대구광역시중구남산3동,89,90
대구광역시중구남산4동,89,90
대구광역시중구대봉1동,89,90
대구광역시중구대봉2동,89,90
대구광역시동구,90,91
대구광역시동구신암1동,89,91
대구광역시동구신암2동,89,91
대구광역시동구신암3동,89,91
대구광역시동구신암4동,89,91
대구광역시동구신암5동,89,91
대구광역시동구신천1.2동,89,90
대구광역시동구신천3동,89,91
대구광역시동구신천4동,89,90
대구광역시동구효목1동,90,91
대구광역시동구효목2동,90,91
대구광역시동구도평동,90,91
대구광역시동구불로.봉무동,90,91
대구광역시동구지저동,90,91
대구광역시동구동촌동,90,91
대구광역시동구방촌동,90,91
대구광역시동구해안동,90,91
대구광역시동구안심1동,91,90
대구광역시동구안심2동,90,91
대구광역시동구안심3동,91,91
대구광역시동구안심4동,91,91
대구광역시동구혁신동,91,91
대구광역시동구공산동,90,92
대구광역시서구,88,90
대구광역시서구내당1동,88,90
대구광역시서구내당2.3동,88,90
대구광역시서구내당4동,88,90
대구광역시서구비산1동,88,91
대구광역시서구비산2.3동,88,91
대구광역시서구비산4동,88,90
대구광역시서구비산5동,88,91
대구광역시서구비산6동,88,91
대구광역시서구비산7동,88,91
대구광역시서구평리1동,88,91
대구광역시서구평리2동,88,90
대구광역시서구평리3동,88,91
대구광역시서구평리4동,88,90
대구광역시서구평리5동,88,90
대구광역시서구평리6동,88,91
대구광역시서구상중이동,88,90
대구광역시서구원대동,88,91
대구광역시남구,89,90
대구광역시남구이천동,89,90
대구광역시남구봉덕1동,89,90
대구광역시남구봉덕2동,89,90
대구광역시남구봉덕3동,89,90
대구광역시남구대명1동,89,90
대구광역시남구대명2동,89,90
대구광역시남구대명3동,89,90
대구광역시남구대명4동,88,90
대구광역시남구대명5동,89,90
대구광역시남구대명6동,88,90
대구광역시남구대명9동,89,90
대구광역시남구대명10동,88,90
대구광역시남구대명11동,88,90
대구광역시북구,89,91
대구광역시북구고성동,89,91
대구광역시북구칠성동,89,91
대구광역시북구침산1동,89,91
대구광역시북구침산2동,89,91
대구광역시북구침산3동,89,91
대구광역시북구산격1동,89,91
대구광역시북구산격2동,89,91
대구광역시북구산격3동,89,91
대구광역시북구산격4동,89,91
대구광역시북구대현동,89,91
대구광역시북구복현1동,89,91
대구광역시북구복현2동,89,91
대구광역시북구검단동,89,91
대구광역시북구무태조야동,89,92
대구광역시북구관문동,88,91
대구광역시북구태전1동,88,92
대구광역시북구태전2동,88,92
대구광역시북구구암동,88,92
대구광역시북구관음동,88,92
대구광역시북구읍내동,88,92
대구광역시북구동천동,88,92
대구광역시북구노원동,89,91
대구광역시북구국우동,88,92
대구광역시수성구,89,90
대구광역시수성구범어1동,89,90
대구광역시수성구범어2동,89,90
대구광역시수성구범어3동,89,90
대구광역시수성구범어4동,90,90
대구광역시수성구만촌1동,90,91
대구광역시수성구만촌2동,90,90
대구광역시수성구만촌3동,90,90
대구광역시수성구수성1가동,89,90
대구광역시수성구수성2.3가동,89,90
대구광역시수성구수성4가동,89,90
대구광역시수성구황금1동,90,90
대구광역시수성구황금2동,89,90
대구광역시수성구중동,89,90
대구광역시수성구상동,89,90
대구광역시수성구파동,89,89
대구광역시수성구두산동,89,90
대구광역시수성구지산1동,90,89
대구광역시수성구지산2동,89,89
대구광역시수성구범물1동,90,89
대구광역시수성구범물2동,90,89
대구광역시수성구고산1동,91,90
대구광역시수성구고산2동,91,90
대구광역시수성구고산3동,91,90
대구광역시달서구,88,90
대구광역시달서구성당동,88,90
대구광역시달서구두류1.2동,89,90
대구광역시달서구두류3동,88,90
대구광역시달서구감삼동,88,90
대구광역시달서구죽전동,88,90
대구광역시달서구장기동,88,90
대구광역시달서구용산1동,88,90
대구광역시달서구용산2동,88,90
대구광역시달서구이곡1동,87,90
대구광역시달서구이곡2동,87,90
대구광역시달서구신당동,87,90
대구광역시달서구본리동,88,90
대구광역시달서구월성1동,88,89
대구광역시달서구월성2동,88,90
대구광역시달서구진천동,88,89
대구광역시달서구유천동,87,89
대구광역시달서구상인1동,88,89
대구광역시달서구상인2동,88,89
대구광역시달서구상인3동,88,89
대구광역시달서구도원동,88,89
대구광역시달서구송현1동,88,90
대구광역시달서구송현2동,88,90
대구광역시달서구본동,88,90
대구광역시달성군,86,88
대구광역시달성군화원읍,87,89
대구광역시달성군논공읍,86,88
대구광역시달성군다사읍,86,90
대구광역시달성군유가읍,87,87
대구광역시달성군옥포읍,87,89
대구광역시달성군현풍읍,86,87
대구광역시달성군가창면,89,89
대구광역시달성군하빈면,86,91
대구광역시달성군구지면,86,86
대구광역시군위군,88,99
대구광역시군위군군위읍,88,98
대구광역시군위군소보면,86,99
대구광역시군위군효령면,88,97
대구광역시군위군부계면,90,95
대구광역시군위군우보면,90,98
대구광역시군위군의흥면,91,97
대구광역시군위군산성면,90,96
대구광역시군위군삼국유사면,92,96
인천광역시,55,124
인천광역시중구,54,125
인천광역시중구연안동,53,124
인천광역시중구신포동,54,125
인천광역시중구신흥동,54,124
인천광역시중구도원동,54,124
인천광역시중구율목동,54,124
인천광역시중구동인천동,54,125
인천광역시중구개항동,54,125
인천광역시중구영종동,52,125
인천광역시중구영종1동,53,125
인천광역시중구운서동,51,125
인천광역시중구용유동,50,124
인천광역시동구,54,125
인천광역시동구만석동,54,125
인천광역시동구화수1.화평동,54,125
인천광역시동구화수2동,54,125
인천광역시동구송현1.2동,54,125
인천광역시동구송현3동,54,125
인천광역시동구송림1동,54,125
인천광역시동구송림2동,54,125
인천광역시동구송림3.5동,54,125
인천광역시동구송림4동,54,125
인천광역시동구송림6동,54,125
인천광역시동구금창동,54,125
인천광역시미추홀구,54,124
인천광역시미추홀구숭의2동,54,124
인천광역시미추홀구숭의1.3동,54,125
인천광역시미추홀구숭의4동,54,124
인천광역시미추홀구용현1.4동,54,124
인천광역시미추홀구용현2동,54,124
인천광역시미추홀구용현3동,54,124
인천광역시미추홀구용현5동,54,124
인천광역시미추홀구학익1동,54,124
인천광역시미추홀구학익2동,55,124
인천광역시미추홀구도화1동,55,124
인천광역시미추홀구도화2.3동,54,125
인천광역시미추홀구주안1동,55,124
인천광역시미추홀구주안2동,55,124
인천광역시미추홀구주안3동,55,124
인천광역시미추홀구주안4동,55,124
인천광역시미추홀구주안5동,55,124
인천광역시미추홀구주안6동,55,124
인천광역시미추홀구주안7동,55,124
인천광역시미추홀구주안8동,55,124
인천광역시미추홀구관교동,55,124
인천광역시미추홀구문학동,55,124
인천광역시연수구,55,123
인천광역시연수구옥련1동,54,124
인천광역시연수구옥련2동,54,124
인천광역시연수구선학동,55,123
인천광역시연수구연수1동,55,123
인천광역시연수구연수2동,55,123
인천광역시연수구연수3동,55,123
인천광역시연수구청학동,55,124
인천광역시연수구동춘1동,55,123
인천광역시연수구동춘2동,55,123
인천광역시연수구동춘3동,55,123
인천광역시연수구송도1동,54,123
인천광역시연수구송도2동,54,123
인천광역시연수구송도3동,54,123
인천광역시연수구송도4동,54,123
인천광역시연수구송도5동,54,123
인천광역시남동구,56,124
인천광역시남동구구월1동,55,124
인천광역시남동구구월2동,55,124
인천광역시남동구구월3동,55,124
인천광역시남동구구월4동,56,124
인천광역시남동구간석1동,55,124
인천광역시남동구간석2동,55,124
인천광역시남동구간석3동,55,124
인천광역시남동구간석4동,55,124
인천광역시남동구만수1동,56,124
인천광역시남동구만수2동,56,124
인천광역시남동구만수3동,55,124
인천광역시남동구만수4동,56,124
인천광역시남동구만수5동,56,124
인천광역시남동구만수6동,56,124
인천광역시남동구장수서창동,56,124
인천광역시남동구서창2동,56,124
인천광역시남동구남촌도림동,55,124
인천광역시남동구논현1동,56,123
인천광역시남동구논현2동,55,123
인천광역시남동구논현고잔동,55,123
인천광역시부평구,55,125
인천광역시부평구부평1동,55,125
인천광역시부평구부평2동,55,125
인천광역시부평구부평3동,55,125
인천광역시부평구부평4동,56,125
인천광역시부평구부평5동,56,125
인천광역시부평구부평6동,56,125
인천광역시부평구산곡1동,55,125
인천광역시부평구산곡2동,55,125
인천광역시부평구산곡3동,55,125
인천광역시부평구산곡4동,55,125
인천광역시부평구청천1동,55,126
인천광역시부평구청천2동,55,125
인천광역시부평구갈산1동,56,126
인천광역시부평구갈산2동,56,125
인천광역시부평구삼산1동,56,126
인천광역시부평구삼산2동,56,125
인천광역시부평구부개1동,56,125
인천광역시부평구부개2동,56,125
인천광역시부평구부개3동,56,125
인천광역시부평구일신동,56,125
인천광역시부평구십정1동,55,125
인천광역시부평구십정2동,55,125
인천광역시계양구,56,126
인천광역시계양구효성1동,55,126
인천광역시계양구효성2동,55,126
인천광역시계양구계산1동,55,126
인천광역시계양구계산2동,56,126
인천광역시계양구계산3동,56,126
인천광역시계양구계산4동,56,126
인천광역시계양구작전1동,56,126
인천광역시계양구작전2동,55,126
인천광역시계양구작전서운동,56,126
인천광역시계양구계양1동,56,127
인천광역시계양구계양2동,56,126
인천광역시계양구계양3동,56,127
인천광역시서구,55,126
인천광역시서구검암경서동,55,127
인천광역시서구연희동,55,126
인천광역시서구청라1동,54,126
인천광역시서구청라2동,54,126
인천광역시서구청라3동,54,126
인천광역시서구가정1동,55,126
인천광역시서구가정2동,55,126
인천광역시서구가정3동,55,125
인천광역시서구석남1동,55,125
인천광역시서구석남2동,55,125
인천광역시서구석남3동,55,125
인천광역시서구신현원창동,55,125
인천광역시서구가좌1동,55,125
인천광역시서구가좌2동,55,125
인천광역시서구가좌3동,55,125
인천광역시서구가좌4동,55,125
인천광역시서구검단동,54,127
인천광역시서구불로대곡동,55,128
인천광역시서구원당동,55,127
인천광역시서구당하동,55,127
인천광역시서구오류왕길동,54,127
인천광역시서구마전동,54,127
인천광역시서구아라동,55,127
인천광역시강화군,51,130
인천광역시강화군강화읍,51,131
인천광역시강화군선원면,51,130
인천광역시강화군불은면,51,129
인천광역시강화군길상면,51,128
인천광역시강화군화도면,50,128
인천광역시강화군양도면,50,129
인천광역시강화군내가면,50,130
인천광역시강화군하점면,50,131
인천광역시강화군양사면,50,132
인천광역시강화군송해면,51,131
인천광역시강화군교동면,48,131
인천광역시강화군삼산면,49,130
인천광역시강화군서도면,47,128
인천광역시옹진군,54,124
인천광역시옹진군북도면,50,126
인천광역시옹진군백령면,21,135
인천광역시옹진군대청면,21,132
인천광역시옹진군덕적면,46,119
인천광역시옹진군영흥면,51,120
인천광역시옹진군자월면,48,120
인천광역시옹진군연평면,38,129
광주광역시,58,74
광주광역시동구,60,74
광주광역시동구충장동,59,74
광주광역시동구동명동,60,74
광주광역시동구계림1동,59,74
광주광역시동구계림2동,60,74
광주광역시동구산수1동,60,74
광주광역시동구산수2동,60,74
광주광역시동구지산1동,60,74
광주광역시동구지산2동,60,74
광주광역시동구서남동,60,74
광주광역시동구학동,60,74
광주광역시동구학운동,60,74
광주광역시동구지원1동,60,73
광주광역시동구지원2동,60,73
광주광역시서구,59,74
광주광역시서구양동,59,74
광주광역시서구양3동,59,74
광주광역시서구농성1동,59,74
광주광역시서구농성2동,59,74
광주광역시서구광천동,59,74
광주광역시서구유덕동,58,74
광주광역시서구치평동,58,74
광주광역시서구상무1동,59,74
광주광역시서구상무2동,58,74
광주광역시서구화정1동,59,74
광주광역시서구화정2동,59,74
광주광역시서구화정3동,59,74
광주광역시서구화정4동,59,74
광주광역시서구서창동,58,73
광주광역시서구금호1동,58,74
광주광역시서구금호2동,58,74
광주광역시서구풍암동,59,74
광주광역시서구동천동,58,75
광주광역시남구,59,73
광주광역시남구양림동,59,74
광주광역시남구방림1동,59,74
광주광역시남구방림2동,59,74
광주광역시남구봉선1동,59,74
광주광역시남구봉선2동,59,73
광주광역시남구사직동,59,74
광주광역시남구월산동,59,74
광주광역시남구월산4동,59,74
광주광역시남구월산5동,59,74
광주광역시남구백운1동,59,74
광주광역시남구백운2동,59,74
광주광역시남구주월1동,59,74
광주광역시남구주월2동,59,74
광주광역시남구진월동,59,73
광주광역시남구효덕동,59,73
광주광역시남구송암동,59,73
광주광역시남구대촌동,58,73
광주광역시북구,59,75
광주광역시북구중흥1동,59,74
광주광역시북구중흥2동,59,74
광주광역시북구중흥3동,59,75
광주광역시북구중앙동,59,74
광주광역시북구임동,59,74
광주광역시북구신안동,59,74
광주광역시북구용봉동,59,75
광주광역시북구운암1동,59,75
광주광역시북구운암2동,59,75
광주광역시북구운암3동,59,75
광주광역시북구동림동,58,75
광주광역시북구우산동,59,75
광주광역시북구풍향동,60,74
광주광역시북구문화동,60,75
광주광역시북구문흥1동,59,75
광주광역시북구문흥2동,59,75
광주광역시북구두암1동,60,75
광주광역시북구두암2동,60,75
광주광역시북구두암3동,60,74
광주광역시북구삼각동,59,75
광주광역시북구일곡동,59,75
광주광역시북구매곡동,59,75
광주광역시북구오치1동,59,75
광주광역시북구오치2동,59,75
광주광역시북구석곡동,60,75
광주광역시북구건국동,59,76
광주광역시북구양산동,59,76
광주광역시북구신용동,58,75
광주광역시광산구,57,74
광주광역시광산구송정1동,57,74
광주광역시광산구송정2동,57,74
광주광역시광산구도산동,57,74
광주광역시광산구신흥동,57,74
광주광역시광산구어룡동,57,74
광주광역시광산구우산동,57,74
광주광역시광산구월곡1동,57,75
광주광역시광산구월곡2동,57,75
광주광역시광산구비아동,58,76
광주광역시광산구첨단1동,58,76
광주광역시광산구첨단2동,58,76
광주광역시광산구신가동,58,75
광주광역시광산구운남동,58,75
광주광역시광산구수완동,58,75
광주광역시광산구하남동,57,75
광주광역시광산구임곡동,56,76
광주광역시광산구동곡동,57,73
광주광역시광산구평동,57,73
광주광역시광산구삼도동,55,74
광주광역시광산구본량동,56,75
광주광역시광산구신창동,58,75
대전광역시,67,100
대전광역시동구,68,100
대전광역시동구중앙동,68,100
대전광역시동구효동,68,100
대전광역시동구신인동,68,100
대전광역시동구판암1동,69,100
대전광역시동구판암2동,69,100
대전광역시동구용운동,69,100
대전광역시동구대동,68,100
대전광역시동구자양동,68,100
대전광역시동구가양1동,68,100
대전광역시동구가양2동,68,100
대전광역시동구용전동,68,101
대전광역시동구성남동,68,100
대전광역시동구홍도동,68,100
대전광역시동구삼성동,68,100
대전광역시동구대청동,69,100
대전광역시동구산내동,69,99
대전광역시중구,68,100
대전광역시중구은행선화동,68,100
대전광역시중구목동,68,100
대전광역시중구중촌동,68,100
대전광역시중구대흥동,68,100
대전광역시중구문창동,68,100
대전광역시중구석교동,68,99
대전광역시중구대사동,68,100
대전광역시중구부사동,68,100
대전광역시중구용두동,68,100
대전광역시중구오류동,68,100
대전광역시중구태평1동,68,100
대전광역시중구태평2동,67,100
대전광역시중구유천1동,67,100
대전광역시중구유천2동,68,100
대전광역시중구문화1동,68,100
대전광역시중구문화2동,68,99
대전광역시중구산성동,67,99
대전광역시서구,67,100
대전광역시서구복수동,67,99
대전광역시서구도마1동,67,100
대전광역시서구도마2동,67,100
대전광역시서구정림동,67,99
대전광역시서구변동,67,100
대전광역시서구용문동,67,100
대전광역시서구탄방동,67,100
대전광역시서구괴정동,67,100
대전광역시서구가장동,67,100
대전광역시서구내동,67,100
대전광역시서구갈마1동,67,100
대전광역시서구갈마2동,67,100
대전광역시서구월평1동,67,100
대전광역시서구월평2동,67,101
대전광역시서구월평3동,67,101
대전광역시서구가수원동,67,99
대전광역시서구도안동,67,100
대전광역시서구관저1동,66,99
대전광역시서구관저2동,66,99
대전광역시서구기성동,67,98
대전광역시서구둔산1동,67,100
대전광역시서구둔산2동,67,100
대전광역시서구만년동,67,101
대전광역시서구둔산3동,68,101
대전광역시유성구,67,101
대전광역시유성구진잠동,66,99
대전광역시유성구학하동,66,100
대전광역시유성구상대동,66,100
대전광역시유성구온천1동,66,100
대전광역시유성구온천2동,66,101
대전광역시유성구노은1동,66,101
대전광역시유성구노은2동,66,101
대전광역시유성구노은3동,66,101
대전광역시유성구신성동,67,101
대전광역시유성구전민동,68,101
대전광역시유성구구즉동,67,102
대전광역시유성구관평동,68,101
대전광역시유성구원신흥동,67,100
대전광역시대덕구,68,100
대전광역시대덕구오정동,68,100
대전광역시대덕구대화동,68,101
대전광역시대덕구회덕동,68,101
대전광역시대덕구비래동,68,100
대전광역시대덕구송촌동,68,101
대전광역시대덕구중리동,68,101
대전광역시대덕구신탄진동,68,103
대전광역시대덕구석봉동,68,102
대전광역시대덕구덕암동,68,102
대전광역시대덕구목상동,68,102
대전광역시대덕구법1동,68,101
대전광역시대덕구법2동,68,101
울산광역시,102,84
울산광역시중구,102,84
울산광역시중구학성동,102,84
울산광역시중구반구1동,102,84
울산광역시중구반구2동,102,84
울산광역시중구복산1동,102,84
울산광역시중구복산2동,102,84
울산광역시중구중앙동,102,84
울산광역시중구우정동,102,84
울산광역시중구태화동,102,84
울산광역시중구다운동,101,84
울산광역시중구병영1동,102,84
울산광역시중구병영2동,102,85
울산광역시중구약사동,102,84
울산광역시중구성안동,102,85
울산광역시남구,102,84
울산광역시남구신정1동,102,84
울산광역시남구신정2동,102,84
울산광역시남구신정3동,102,84
울산광역시남구신정4동,102,83
울산광역시남구신정5동,102,84
울산광역시남구달동,102,84
울산광역시남구삼산동,102,84
울산광역시남구삼호동,101,84
울산광역시남구무거동,101,84
울산광역시남구옥동,101,84
울산광역시남구대현동,102,83
울산광역시남구수암동,102,83
울산광역시남구선암동,102,83
울산광역시남구야음장생포동,102,83
울산광역시동구,104,83
울산광역시동구방어동,104,83
울산광역시동구일산동,104,83
울산광역시동구화정동,104,83
울산광역시동구대송동,104,83
울산광역시동구전하1동,104,83
울산광역시동구전하2동,104,83
울산광역시동구남목1동,104,84
울산광역시동구남목2동,104,83
울산광역시동구남목3동,104,84
울산광역시북구,103,85
울산광역시북구농소1동,102,86
울산광역시북구농소2동,102,86
울산광역시북구농소3동,102,86
울산광역시북구강동동,104,85
울산광역시북구효문동,103,85
울산광역시북구송정동,103,85
울산광역시북구양정동,103,84
울산광역시북구염포동,103,83
울산광역시울주군,101,84
울산광역시울주군온산읍,102,81
울산광역시울주군언양읍,98,84
울산광역시울주군온양읍,101,81
울산광역시울주군범서읍,100,84
울산광역시울주군청량읍,102,83
울산광역시울주군삼남읍,98,84
울산광역시울주군서생면,102,80
울산광역시울주군웅촌면,100,82
울산광역시울주군두동면,100,86
울산광역시울주군두서면,99,86
울산광역시울주군상북면,98,85
울산광역시울주군삼동면,99,83
세종특별자치시,66,103
세종특별자치시세종특별자치시,66,103
세종특별자치시세종특별자치시조치원읍,66,106
세종특별자치시세종특별자치시연기면,65,105
세종특별자치시세종특별자치시연동면,66,105
세종특별자치시세종특별자치시부강면,67,104
세종특별자치시세종특별자치시금남면,65,103
세종특별자치시세종특별자치시장군면,64,104
세종특별자치시세종특별자치시연서면,65,106
세종특별자치시세종특별자치시전의면,64,108
세종특별자치시세종특별자치시전동면,65,107
세종특별자치시세종특별자치시소정면,63,108
세종특별자치시세종특별자치시한솔동,65,103
세종특별자치시세종특별자치시새롬동,65,103
세종특별자치시세종특별자치시도담동,65,104
세종특별자치시세종특별자치시해밀동,65,104
세종특별자치시세종특별자치시아름동,65,104
세종특별자치시세종특별자치시종촌동,65,104
세종특별자치시세종특별자치시고운동,65,104
세종특별자치시세종특별자치시소담동,66,103
세종특별자치시세종특별자치시반곡동,66,104
세종특별자치시세종특별자치시보람동,66,103
세종특별자치시세종특별자치시대평동,65,103
세종특별자치시세종특별자치시다정동,65,104
경기도,60,120
경기도수원시장안구,60,121
경기도수원시장안구파장동,60,121
경기도수원시장안구율천동,60,121
경기도수원시장안구정자1동,60,121
경기도수원시장안구정자2동,60,121
경기도수원시장안구정자3동,60,121
경기도수원시장안구영화동,61,121
경기도수원시장안구송죽동,60,121
경기도수원시장안구조원1동,61,121
경기도수원시장안구조원2동,60,121
경기도수원시장안구연무동,61,121
경기도수원시권선구,60,120
경기도수원시권선구세류1동,60,120
경기도수원시권선구세류2동,61,120
경기도수원시권선구세류3동,61,120
경기도수원시권선구평동,60,120
경기도수원시권선구서둔동,60,120
경기도수원시권선구구운동,60,120
경기도수원시권선구금곡동,59,120
경기도수원시권선구호매실동,60,120
경기도수원시권선구권선1동,61,120
경기도수원시권선구권선2동,61,120
경기도수원시권선구곡선동,61,120
경기도수원시권선구입북동,60,121
경기도수원시팔달구,61,121
경기도수원시팔달구매교동,61,120
경기도수원시팔달구매산동,60,120
경기도수원시팔달구고등동,60,120
경기도수원시팔달구화서1동,60,120
경기도수원시팔달구화서2동,60,121
경기도수원시팔달구지동,61,120
경기도수원시팔달구우만1동,61,121
경기도수원시팔달구우만2동,61,120
경기도수원시팔달구인계동,61,120
경기도수원시팔달구행궁동,61,121
경기도수원시영통구,61,120
경기도수원시영통구매탄1동,61,120
경기도수원시영통구매탄2동,61,120
경기도수원시영통구매탄3동,61,120
경기도수원시영통구매탄4동,61,120
경기도수원시영통구원천동,61,120
경기도수원시영통구영통1동,62,120
경기도수원시영통구영통2동,61,120
경기도수원시영통구영통3동,62,120
경기도수원시영통구망포1동,61,120
경기도수원시영통구망포2동,61,120
경기도수원시영통구광교1동,61,121
경기도수원시영통구광교2동,62,121
경기도성남시수정구,63,124
경기도성남시수정구신흥1동,63,124
경기도성남시수정구신흥2동,63,124
경기도성남시수정구신흥3동,63,124
경기도성남시수정구태평1동,62,124
경기도성남시수정구태평2동,63,124
경기도성남시수정구태평3동,63,124
경기도성남시수정구태평4동,63,124
경기도성남시수정구수진1동,63,124
경기도성남시수정구수진2동,62,124
경기도성남시수정구단대동,63,124
경기도성남시수정구산성동,63,124
경기도성남시수정구양지동,63,124
경기도성남시수정구복정동,62,124
경기도성남시수정구위례동,63,125
경기도성남시수정구신촌동,62,124
경기도성남시수정구고등동,62,124
경기도성남시수정구시흥동,62,124
경기도성남시중원구,63,124
경기도성남시중원구성남동,63,124
경기도성남시중원구중앙동,63,124
경기도성남시중원구금광1동,63,124
경기도성남시중원구금광2동,63,124
경기도성남시중원구은행1동,63,124
경기도성남시중원구은행2동,63,124
경기도성남시중원구상대원1동,63,124
경기도성남시중원구상대원2동,63,124
경기도성남시중원구상대원3동,63,124
경기도성남시중원구하대원동,63,124
경기도성남시중원구도촌동,63,123
경기도성남시분당구,62,123
경기도성남시분당구분당동,63,122
경기도성남시분당구수내1동,62,123
경기도성남시분당구수내2동,62,122
경기도성남시분당구수내3동,62,122
경기도성남시분당구정자동,62,122
경기도성남시분당구정자1동,62,122
경기도성남시분당구정자2동,62,122
경기도성남시분당구정자3동,62,122
경기도성남시분당구서현1동,62,123
경기도성남시분당구서현2동,63,123
경기도성남시분당구이매1동,62,123
경기도성남시분당구이매2동,62,123
경기도성남시분당구야탑1동,63,123
경기도성남시분당구야탑2동,62,123
경기도성남시분당구야탑3동,63,123
경기도성남시분당구판교동,62,123
경기도성남시분당구삼평동,62,123
경기도성남시분당구백현동,62,123
경기도성남시분당구금곡동,62,122
경기도성남시분당구구미1동,62,122
경기도성남시분당구구미동,62,122
경기도성남시분당구운중동,62,123
경기도의정부시,61,130
경기도의정부시의정부1동,61,131
경기도의정부시의정부2동,61,130
경기도의정부시호원1동,61,130
경기도의정부시호원2동,61,130
경기도의정부시장암동,61,130
경기도의정부시신곡1동,61,130
경기도의정부시신곡2동,61,131
경기도의정부시송산1동,62,130
경기도의정부시송산2동,62,130
경기도의정부시송산3동,62,131
경기도의정부시자금동,61,131
경기도의정부시가능동,61,131
경기도의정부시흥선동,61,131
경기도의정부시녹양동,61,131
경기도안양시만안구,59,123
경기도안양시만안구안양1동,59,123
경기도안양시만안구안양2동,59,123
경기도안양시만안구안양3동,59,123
경기도안양시만안구안양4동,59,123
경기도안양시만안구안양5동,59,123
경기도안양시만안구안양6동,59,123
경기도안양시만안구안양7동,59,123
경기도안양시만안구안양8동,59,123
경기도안양시만안구안양9동,59,123
경기도안양시만안구석수1동,59,123
경기도안양시만안구석수2동,59,123
경기도안양시만안구석수3동,58,123
경기도안양시만안구박달1동,59,123
경기도안양시만안구박달2동,59,123
경기도안양시동안구,59,123
경기도안양시동안구비산1동,59,123
경기도안양시동안구비산2동,59,123
경기도안양시동안구비산3동,59,123
경기도안양시동안구부흥동,59,123
경기도안양시동안구달안동,59,123
경기도안양시동안구관양1동,60,123
경기도안양시동안구관양2동,60,123
경기도안양시동안구부림동,60,123
경기도안양시동안구평촌동,60,123
경기도안양시동안구평안동,60,123
경기도안양시동안구귀인동,60,123
경기도안양시동안구호계1동,60,122
경기도안양시동안구호계2동,59,123
경기도안양시동안구호계3동,60,122
경기도안양시동안구범계동,59,123
경기도안양시동안구신촌동,60,123
경기도안양시동안구갈산동,60,123
경기도부천시,56,125
경기도부천시심곡동,57,125
경기도부천시부천동,57,125
경기도부천시중동,56,125
경기도부천시신중동,56,125
경기도부천시상동,56,125
경기도부천시대산동,56,125
경기도부천시소사본동,57,125
경기도부천시범안동,57,125
경기도부천시성곡동,57,126
경기도부천시오정동,57,126
경기도광명시,58,125
경기도광명시광명1동,58,125
경기도광명시광명2동,58,125
경기도광명시광명3동,58,125
경기도광명시광명4동,58,125
경기도광명시광명5동,58,125
경기도광명시광명6동,58,125
경기도광명시광명7동,58,125
경기도광명시철산1동,58,125
경기도광명시철산2동,58,125
경기도광명시철산3동,58,125
경기도광명시철산4동,58,125
경기도광명시하안1동,58,124
경기도광명시하안2동,58,124
경기도광명시하안3동,58,124
경기도광명시하안4동,58,124
경기도광명시소하1동,58,124
경기도광명시소하2동,58,124
경기도광명시일직동,58,123
경기도광명시학온동,58,123
경기도평택시,62,114
경기도평택시팽성읍,61,114
경기도평택시안중읍,59,114
경기도평택시포승읍,58,114
경기도평택시청북읍,59,115
경기도평택시진위면,62,117
경기도평택시서탄면,61,117
경기도평택시고덕면,61,115
경기도평택시오성면,60,115
경기도평택시현덕면,59,114
경기도평택시중앙동,61,116
경기도평택시서정동,61,116
경기도평택시송탄동,62,115
경기도평택시지산동,61,116
경기도평택시송북동,61,116
경기도평택시신장1동,61,116
경기도평택시신장2동,61,116
경기도평택시신평동,62,114
경기도평택시원평동,62,114
경기도평택시통복동,62,114
경기도평택시비전1동,62,114
경기도평택시비전2동,62,114
경기도평택시용이동,63,114
경기도평택시세교동,62,114
경기도평택시동삭동,62,115
경기도평택시고덕동,61,115
경기도동두천시,61,134
경기도동두천시생연1동,61,134
경기도동두천시생연2동,61,134
경기도동두천시중앙동,61,134
경기도동두천시보산동,61,134
경기도동두천시불현동,61,134
경기도동두천시송내동,61,134
경기도동두천시소요동,61,135
경기도동두천시상패동,61,134
경기도안산시상록구,58,121
경기도안산시상록구일동,58,121
경기도안산시상록구이동,58,121
경기도안산시상록구사동,58,121
경기도안산시상록구사이동,58,121
경기도안산시상록구해양동,57,121
경기도안산시상록구본오1동,58,121
경기도안산시상록구본오2동,58,121
경기도안산시상록구본오3동,58,121
경기도안산시상록구부곡동,58,122
경기도안산시상록구월피동,58,122
경기도안산시상록구성포동,58,121
경기도안산시상록구반월동,59,121
경기도안산시상록구안산동,58,122
경기도안산시단원구,57,121
경기도안산시단원구와동,57,122
경기도안산시단원구고잔동,57,122
경기도안산시단원구중앙동,57,121
경기도안산시단원구호수동,57,121
경기도안산시단원구원곡동,57,122
경기도안산시단원구백운동,57,122
경기도안산시단원구신길동,57,122
경기도안산시단원구초지동,57,121
경기도안산시단원구선부1동,57,122
경기도안산시단원구선부2동,57,122
경기도안산시단원구선부3동,57,122
경기도안산시단원구대부동,53,120
경기도고양시덕양구,57,128
경기도고양시덕양구주교동,57,129
경기도고양시덕양구원신동,58,129
경기도고양시덕양구흥도동,58,128
경기도고양시덕양구성사1동,57,129
경기도고양시덕양구성사2동,57,128
경기도고양시덕양구효자동,59,128
경기도고양시덕양구삼송1동,58,129
경기도고양시덕양구삼송2동,58,129
경기도고양시덕양구창릉동,58,128
경기도고양시덕양구고양동,59,130
경기도고양시덕양구관산동,58,129
경기도고양시덕양구능곡동,57,128
경기도고양시덕양구화정1동,57,128
경기도고양시덕양구화정2동,57,128
경기도고양시덕양구행주동,57,128
경기도고양시덕양구행신1동,57,128
경기도고양시덕양구행신2동,57,128
경기도고양시덕양구행신3동,57,128
경기도고양시덕양구행신4동,58,128
경기도고양시덕양구화전동,58,127
경기도고양시덕양구대덕동,58,127
경기도고양시일산동구,56,129
경기도고양시일산동구식사동,57,129
경기도고양시일산동구중산1동,56,129
경기도고양시일산동구중산2동,56,129
경기도고양시일산동구정발산동,56,129
경기도고양시일산동구풍산동,57,129
경기도고양시일산동구백석1동,57,128
경기도고양시일산동구백석2동,57,128
경기도고양시일산동구마두1동,57,129
경기도고양시일산동구마두2동,56,128
경기도고양시일산동구장항1동,56,128
경기도고양시일산동구장항2동,56,128
경기도고양시일산동구고봉동,57,130
경기도고양시일산서구,56,129
경기도고양시일산서구일산1동,56,129
경기도고양시일산서구일산2동,56,129
경기도고양시일산서구일산3동,56,129
경기도고양시일산동구탄현1동,56,129
경기도고양시일산동구탄현2동,56,130
경기도고양시일산서구주엽1동,56,129
경기도고양시일산서구주엽2동,56,129
경기도고양시일산서구대화동,56,129
경기도고양시일산서구송포동,56,129
경기도고양시일산동구덕이동,56,129
경기도고양시일산동구가좌동,55,129
경기도과천시,60,124
경기도과천시중앙동,60,124
경기도과천시갈현동,60,123
경기도과천시별양동,60,124
경기도과천시부림동,60,124
경기도과천시과천동,60,124
경기도과천시문원동,60,124
경기도구리시,62,127
경기도구리시갈매동,62,128
경기도구리시동구동,63,128
경기도구리시인창동,63,128
경기도구리시교문1동,62,127
경기도구리시교문2동,63,127
경기도구리시수택1동,63,127
경기도구리시수택2동,63,127
경기도구리시수택3동,63,127
경기도남양주시,64,128
경기도남양주시와부읍,64,127
경기도남양주시진접읍,63,130
경기도남양주시화도읍,65,129
경기도남양주시진건읍,63,129
경기도남양주시오남읍,64,130
경기도남양주시퇴계원읍,63,128
경기도남양주시별내면,62,129
경기도남양주시수동면,66,130
경기도남양주시조안면,65,126
경기도남양주시호평동,64,129
경기도남양주시평내동,64,128
경기도남양주시금곡동,64,128
경기도남양주시양정동,63,128
경기도남양주시다산1동,63,128
경기도남양주시다산2동,63,128
경기도남양주시별내동,62,128
경기도오산시,62,118
경기도오산시중앙동,62,118
경기도오산시남촌동,61,118
경기도오산시신장동,61,118
경기도오산시세마동,61,118
경기도오산시초평동,61,117
경기도오산시대원동,62,117
경기도시흥시,57,123
경기도시흥시대야동,57,124
경기도시흥시신천동,57,124
경기도시흥시신현동,57,123
경기도시흥시은행동,57,124
경기도시흥시매화동,57,123
경기도시흥시목감동,58,123
경기도시흥시군자동,57,122
경기도시흥시월곶동,56,123
경기도시흥시정왕본동,56,122
경기도시흥시정왕1동,56,122
경기도시흥시정왕2동,56,122
경기도시흥시정왕3동,56,122
경기도시흥시정왕4동,56,122
경기도시흥시배곧1동,56,122
경기도시흥시배곧2동,56,122
경기도시흥시과림동,57,124
경기도시흥시연성동,57,123
경기도시흥시장곡동,57,123
경기도시흥시능곡동,57,122
경기도군포시,59,122
경기도군포시군포1동,59,122
경기도군포시군포2동,59,122
경기도군포시산본1동,59,122
경기도군포시산본2동,59,122
경기도군포시금정동,59,122
경기도군포시재궁동,59,122
경기도군포시오금동,59,122
경기도군포시수리동,59,122
경기도군포시궁내동,59,122
경기도군포시대야동,59,122
경기도군포시광정동,59,122
경기도군포시송부동,59,121
경기도의왕시,60,122
경기도의왕시고천동,60,122
경기도의왕시부곡동,60,121
경기도의왕시오전동,60,122
경기도의왕시내손1동,60,123
경기도의왕시내손2동,60,123
경기도의왕시청계동,60,123
경기도하남시,64,126
경기도하남시천현동,64,126
경기도하남시신장1동,64,126
경기도하남시신장2동,64,126
경기도하남시덕풍1동,64,126
경기도하남시덕풍2동,64,126
경기도하남시덕풍3동,64,126
경기도하남시풍산동,63,126
경기도하남시감북동,63,126
경기도하남시감일동,63,126
경기도하남시위례동,63,125
경기도하남시춘궁동,64,126
경기도하남시초이동,63,126
경기도하남시미사1동,64,127
경기도하남시미사2동,63,127
경기도용인시처인구,64,119
경기도용인시처인구포곡읍,64,120
경기도용인시처인구모현읍,64,122
경기도용인시처인구이동읍,64,117
경기도용인시처인구남사읍,63,117
경기도용인시처인구원삼면,66,118
경기도용인시처인구백암면,67,118
경기도용인시처인구양지면,65,120
경기도용인시처인구중앙동,64,119
경기도용인시처인구역북동,64,120
경기도용인시처인구삼가동,63,120
경기도용인시처인구유림동,64,120
경기도용인시처인구동부동,64,119
경기도용인시기흥구,62,120
경기도용인시기흥구신갈동,62,120
경기도용인시기흥구영덕1동,62,120
경기도용인시기흥구영덕2동,62,120
경기도용인시기흥구구갈동,63,120
경기도용인시기흥구상갈동,62,120
경기도용인시기흥구보라동,62,120
경기도용인시기흥구기흥동,62,120
경기도용인시기흥구서농동,62,120
경기도용인시기흥구구성동,62,121
경기도용인시기흥구마북동,62,121
경기도용인시기흥구동백1동,63,120
경기도용인시기흥구동백2동,63,120
경기도용인시기흥구동백3동,63,121
경기도용인시기흥구상하동,63,120
경기도용인시기흥구보정동,62,121
경기도용인시수지구,62,121
경기도용인시수지구풍덕천1동,62,121
경기도용인시수지구풍덕천2동,62,121
경기도용인시수지구신봉동,62,121
경기도용인시수지구죽전1동,62,122
경기도용인시수지구죽전2동,62,122
경기도용인시수지구죽전3동,62,122
경기도용인시수지구동천동,62,122
경기도용인시수지구상현1동,62,121
경기도용인시수지구상현2동,62,121
경기도용인시수지구상현3동,62,121
경기도용인시수지구성복동,62,121
경기도파주시,56,131
경기도파주시문산읍,56,133
경기도파주시파주읍,57,132
경기도파주시법원읍,58,133
경기도파주시조리읍,57,130
경기도파주시월롱면,57,132
경기도파주시탄현면,55,132
경기도파주시광탄면,58,131
경기도파주시파평면,57,134
경기도파주시적성면,59,135
경기도파주시장단면,55,133
경기도파주시금촌1동,56,131
경기도파주시금촌2동,56,131
경기도파주시금촌3동,56,131
경기도파주시교하동,56,131
경기도파주시운정1동,56,130
경기도파주시운정2동,56,130
경기도파주시운정3동,56,130
경기도이천시,68,121
경기도이천시장호원읍,71,117
경기도이천시부발읍,69,121
경기도이천시신둔면,67,121
경기도이천시백사면,69,122
경기도이천시호법면,68,119
경기도이천시마장면,66,120
경기도이천시대월면,69,119
경기도이천시모가면,69,118
경기도이천시설성면,69,117
경기도이천시율면,70,117
경기도이천시창전동,68,121
경기도이천시증포동,68,121
경기도이천시중리동,68,121
경기도이천시관고동,68,121
경기도안성시,65,115
경기도안성시공도읍,63,114
경기도안성시보개면,65,115
경기도안성시금광면,66,114
경기도안성시서운면,65,113
경기도안성시미양면,64,114
경기도안성시대덕면,64,115
경기도안성시양성면,64,116
경기도안성시원곡면,63,115
경기도안성시일죽면,69,116
경기도안성시죽산면,68,116
경기도안성시삼죽면,67,116
경기도안성시고삼면,65,116
경기도안성시안성1동,65,115
경기도안성시안성2동,65,114
경기도안성시안성3동,65,115
경기도김포시,55,128
경기도김포시통진읍,53,129
경기도김포시고촌읍,56,127
경기도김포시양촌읍,54,129
경기도김포시대곶면,53,128
경기도김포시월곶면,53,130
경기도김포시하성면,54,130
경기도김포시김포본동,55,128
경기도김포시장기본동,55,128
경기도김포시사우동,55,128
경기도김포시풍무동,55,127
경기도김포시장기동,55,128
경기도김포시구래동,54,128
경기도김포시마산동,54,128
경기도김포시운양동,55,129
경기도화성시,57,119
경기도화성시봉담읍,59,119
경기도화성시우정읍,57,116
경기도화성시향남읍,59,117
경기도화성시남양읍,57,119
경기도화성시매송면,59,120
경기도화성시비봉면,58,119
경기도화성시마도면,56,119
경기도화성시송산면,56,119
경기도화성시서신면,55,118
경기도화성시팔탄면,59,118
경기도화성시장안면,57,116
경기도화성시양감면,59,116
경기도화성시정남면,60,118
경기도화성시새솔동,57,121
경기도화성시진안동,61,119
경기도화성시병점1동,61,119
경기도화성시병점2동,61,119
경기도화성시반월동,61,119
경기도화성시기배동,60,119
경기도화성시화산동,61,119
경기도화성시동탄1동,62,119
경기도화성시동탄2동,62,119
경기도화성시동탄3동,61,119
경기도화성시동탄4동,62,119
경기도화성시동탄5동,62,119
경기도화성시동탄6동,62,118
경기도화성시동탄7동,62,118
경기도화성시동탄8동,62,118
경기도광주시,65,123
경기도광주시초월읍,65,123
경기도광주시곤지암읍,66,122
경기도광주시도척면,66,121
경기도광주시퇴촌면,66,125
경기도광주시남종면,65,125
경기도광주시남한산성면,64,124
경기도광주시경안동,65,123
경기도광주시송정동,65,124
경기도광주시쌍령동,65,123
경기도광주시탄벌동,64,124
경기도광주시광남1동,64,123
경기도광주시광남2동,64,123
경기도광주시오포1동,64,122
경기도광주시오포2동,65,123
경기도광주시신현동,63,122
경기도광주시능평동,63,122
경기도양주시,61,131
경기도양주시백석읍,60,132
경기도양주시은현면,61,133
경기도양주시남면,60,134
경기도양주시광적면,60,132
경기도양주시장흥면,59,130
경기도양주시양주1동,61,131
경기도양주시양주2동,62,132
경기도양주시회천1동,61,133
경기도양주시회천2동,61,132
경기도양주시회천3동,61,133
경기도양주시회천4동,62,132
경기도포천시,64,134
경기도포천시소흘읍,63,132
경기도포천시군내면,64,134
경기도포천시내촌면,64,131
경기도포천시가산면,63,133
경기도포천시신북면,64,135
경기도포천시창수면,63,136
경기도포천시영중면,64,136
경기도포천시일동면,66,135
경기도포천시이동면,66,137
경기도포천시영북면,65,138
경기도포천시관인면,64,140
경기도포천시화현면,65,134
경기도포천시포천동,64,134
경기도포천시선단동,63,133
경기도여주시,71,121
경기도여주시가남읍,70,119
경기도여주시점동면,72,119
경기도여주시흥천면,70,122
경기도여주시금사면,69,123
경기도여주시세종대왕면,70,121
경기도여주시대신면,70,123
경기도여주시북내면,72,122
경기도여주시강천면,73,120
경기도여주시산북면,68,123
경기도여주시여흥동,71,121
경기도여주시중앙동,71,121
경기도여주시오학동,71,121
경기도연천군,61,138
경기도연천군연천읍,61,138
경기도연천군전곡읍,61,137
경기도연천군군남면,60,138
경기도연천군청산면,61,136
경기도연천군백학면,59,137
경기도연천군미산면,60,137
경기도연천군왕징면,60,137
경기도연천군신서면,62,140
경기도연천군중면,60,139
경기도연천군장남면,58,136
경기도가평군,69,133
경기도가평군가평읍,69,132
경기도가평군설악면,69,129
경기도가평군청평면,67,131
경기도가평군상면,66,132
경기도가평군조종면,66,132
경기도가평군북면,70,134
경기도양평군,69,125
경기도양평군양평읍,69,125
경기도양평군강상면,69,125
경기도양평군강하면,67,125
경기도양평군양서면,66,126
경기도양평군옥천면,68,126
경기도양평군서종면,66,128
경기도양평군단월면,72,126
경기도양평군청운면,72,127
경기도양평군양동면,73,124
경기도양평군지평면,71,125
경기도양평군용문면,70,125
경기도양평군개군면,70,124
강원도,73,134
강원도춘천시,73,134
강원도춘천시신북읍,73,135
강원도춘천시동면,73,134
강원도춘천시동산면,74,131
강원도춘천시신동면,72,132
강원도춘천시남면,70,130
강원도춘천시서면,72,134
강원도춘천시사북면,71,137
강원도춘천시북산면,75,136
강원도춘천시동내면,73,133
강원도춘천시남산면,71,132
강원도춘천시교동,73,134
강원도춘천시조운동,73,134
강원도춘천시약사명동,73,134
강원도춘천시근화동,72,134
강원도춘천시소양동,73,134
강원도춘천시후평1동,73,134
강원도춘천시후평2동,73,134
강원도춘천시후평3동,73,134
강원도춘천시효자1동,73,133
강원도춘천시효자2동,73,133
강원도춘천시효자3동,73,134
강원도춘천시석사동,73,133
강원도춘천시퇴계동,73,133
강원도춘천시강남동,72,133
강원도춘천시신사우동,73,134
강원도원주시,76,122
강원도원주시문막읍,74,121
강원도원주시소초면,78,124
강원도원주시호저면,76,124
강원도원주시지정면,75,122
강원도원주시부론면,73,119
강원도원주시귀래면,76,118
강원도원주시흥업면,76,121
강원도원주시판부면,78,121
강원도원주시신림면,79,120
강원도원주시중앙동,77,122
강원도원주시원인동,77,122
강원도원주시개운동,77,122
강원도원주시명륜1동,77,122
강원도원주시명륜2동,77,122
강원도원주시단구동,77,122
강원도원주시일산동,77,122
강원도원주시학성동,77,122
강원도원주시단계동,76,122
강원도원주시우산동,76,123
강원도원주시태장1동,77,122
강원도원주시태장2동,77,123
강원도원주시봉산동,77,122
강원도원주시행구동,77,122
강원도원주시무실동,76,122
강원도원주시반곡관설동,77,122
강원도강릉시,92,131
강원도강릉시주문진읍,91,134
강원도강릉시성산면,92,131
강원도강릉시왕산면,92,130
강원도강릉시구정면,92,131
강원도강릉시강동면,94,131
강원도강릉시옥계면,95,129
강원도강릉시사천면,92,133
강원도강릉시연곡면,92,134
강원도강릉시홍제동,92,131
강원도강릉시중앙동,93,132
강원도강릉시옥천동,93,132
강원도강릉시교1동,92,132
강원도강릉시교2동,93,132
강원도강릉시포남1동,93,132
강원도강릉시포남2동,93,132
강원도강릉시초당동,93,132
강원도강릉시송정동,93,132
강원도강릉시내곡동,92,131
강원도강릉시강남동,93,131
강원도강릉시성덕동,93,132
강원도강릉시경포동,92,132
강원도동해시,97,127
강원도동해시천곡동,97,127
강원도동해시송정동,97,126
강원도동해시북삼동,97,126
강원도동해시부곡동,96,127
강원도동해시동호동,96,127
강원도동해시발한동,96,127
강원도동해시묵호동,97,127
강원도동해시북평동,97,126
강원도동해시망상동,96,127
강원도동해시삼화동,96,126
강원도태백시,95,119
강원도태백시황지동,95,119
강원도태백시황연동,95,119
강원도태백시삼수동,95,119
강원도태백시상장동,95,119
강원도태백시문곡소도동,94,118
강원도태백시장성동,95,117
강원도태백시구문소동,95,117
강원도태백시철암동,96,118
강원도속초시,87,141
강원도속초시영랑동,87,141
강원도속초시동명동,87,141
강원도속초시금호동,87,141
강원도속초시교동,87,141
강원도속초시노학동,87,141
강원도속초시조양동,87,141
강원도속초시청호동,87,141
강원도속초시대포동,87,140
강원도삼척시,98,125
강원도삼척시도계읍,96,120
강원도삼척시원덕읍,101,119
강원도삼척시근덕면,99,124
강원도삼척시하장면,94,123
강원도삼척시노곡면,98,123
강원도삼척시미로면,97,124
강원도삼척시가곡면,98,119
강원도삼척시신기면,96,123
강원도삼척시남양동,98,125
강원도삼척시교동,98,125
강원도삼척시정라동,98,125
강원도삼척시성내동,97,125
강원도홍천군,75,130
강원도홍천군홍천읍,75,130
강원도홍천군화촌면,77,131
강원도홍천군두촌면,78,134
강원도홍천군내촌면,79,132
강원도홍천군서석면,81,130
강원도홍천군영귀미면,76,129
강원도홍천군남면,73,128
강원도홍천군서면,72,129
강원도홍천군북방면,75,130
강원도홍천군내면,84,132
강원도횡성군,77,125
강원도횡성군횡성읍,77,125
강원도횡성군우천면,79,125
강원도횡성군안흥면,80,124
강원도횡성군둔내면,81,126
강원도횡성군갑천면,79,127
강원도횡성군청일면,80,127
강원도횡성군공근면,77,126
강원도횡성군서원면,75,125
강원도횡성군강림면,80,123
강원도영월군,86,119
강원도영월군영월읍,86,119
강원도영월군상동읍,92,118
강원도영월군산솔면,89,118
강원도영월군김삿갓면,88,118
강원도영월군북면,85,120
강원도영월군남면,85,119
강원도영월군한반도면,83,120
강원도영월군주천면,82,121
강원도영월군무릉도원면,82,121
강원도평창군,84,123
강원도평창군평창읍,84,123
강원도평창군미탄면,86,122
강원도평창군방림면,84,124
강원도평창군대화면,85,126
강원도평창군봉평면,84,128
강원도평창군용평면,85,128
강원도평창군진부면,87,129
강원도평창군대관령면,89,130
강원도정선군,89,123
강원도정선군정선읍,89,123
강원도정선군고한읍,92,120
강원도정선군사북읍,92,120
강원도정선군신동읍,89,120
강원도정선군남면,90,121
강원도정선군북평면,89,125
강원도정선군임계면,92,126
강원도정선군화암면,91,123
강원도정선군여량면,90,125
강원도철원군,65,139
강원도철원군철원읍,64,141
강원도철원군김화읍,67,142
강원도철원군갈말읍,65,139
강원도철원군동송읍,64,141
강원도철원군서면,67,140
강원도철원군근남면,68,141
강원도철원군근북면,67,143
강원도철원군근동면,69,143
강원도철원군원동면,73,143
강원도철원군원남면,71,143
강원도철원군임남면,75,143
강원도화천군,72,139
강원도화천군화천읍,72,139
강원도화천군간동면,74,137
강원도화천군하남면,71,138
강원도화천군상서면,71,140
강원도화천군사내면,69,138
강원도양구군,77,139
강원도양구군양구읍,77,139
강원도양구군국토정중앙면,78,139
강원도양구군동면,78,141
강원도양구군방산면,76,141
강원도양구군해안면,79,143
강원도인제군,80,138
강원도인제군인제읍,80,138
강원도인제군남면,79,136
강원도인제군북면,81,139
강원도인제군기린면,83,136
강원도인제군서화면,81,141
강원도인제군상남면,82,134
강원도고성군,85,145
강원도고성군간성읍,85,145
강원도고성군거진읍,85,146
강원도고성군현내면,84,147
강원도고성군죽왕면,86,144
강원도고성군토성면,87,142
강원도고성군수동면,82,146
강원도양양군,88,138
강원도양양군양양읍,88,138
강원도양양군서면,87,138
강원도양양군손양면,88,138
강원도양양군현북면,89,137
강원도양양군현남면,90,136
강원도양양군강현면,87,140
충청북도,69,107
충청북도청주시상당구,69,106
충청북도청주시상당구낭성면,71,106
충청북도청주시상당구미원면,72,107
충청북도청주시상당구가덕면,70,105
충청북도청주시상당구남일면,69,106
충청북도청주시상당구문의면,69,104
충청북도청주시상당구중앙동,69,107
충청북도청주시상당구성안동,69,107
충청북도청주시상당구탑대성동,69,107
충청북도청주시상당구영운동,69,106
충청북도청주시상당구금천동,69,106
충청북도청주시상당구용담.명암.산성동,69,107
충청북도청주시상당구용암1동,69,106
충청북도청주시상당구용암2동,69,106
충청북도청주시서원구,69,107
충청북도청주시서원구남이면,68,105
충청북도청주시서원구현도면,68,103
충청북도청주시서원구사직1동,69,107
충청북도청주시서원구사직2동,69,106
충청북도청주시서원구사창동,68,107
충청북도청주시서원구모충동,69,106
충청북도청주시서원구산남동,69,106
충청북도청주시서원구분평동,69,106
충청북도청주시서원구수곡1동,69,106
충청북도청주시서원구수곡2동,69,106
충청북도청주시서원구성화.개신.죽림동,68,106
충청북도청주시흥덕구,67,106
충청북도청주시흥덕구오송읍,66,106
충청북도청주시흥덕구강내면,67,106
충청북도청주시흥덕구옥산면,67,107
충청북도청주시흥덕구운천.신봉동,69,107
충청북도청주시흥덕구복대1동,68,107
충청북도청주시흥덕구복대2동,68,106
충청북도청주시흥덕구가경동,68,106
충청북도청주시흥덕구봉명1동,68,107
충청북도청주시흥덕구봉명2.송정동,68,107
충청북도청주시흥덕구강서제1동,68,106
충청북도청주시흥덕구강서제2동,68,107
충청북도청주시청원구,69,107
충청북도청주시청원구내수읍,70,109
충청북도청주시청원구오창읍,68,109
충청북도청주시청원구북이면,70,109
충청북도청주시청원구우암동,69,107
충청북도청주시청원구내덕1동,69,107
충청북도청주시청원구내덕2동,69,107
충청북도청주시청원구율량.사천동,69,107
충청북도청주시청원구오근장동,69,108
충청북도충주시,76,114
충청북도충주시주덕읍,74,114
충청북도충주시살미면,77,113
충청북도충주시수안보면,78,111
충청북도충주시대소원면,75,114
충청북도충주시신니면,73,114
충청북도충주시노은면,73,116
충청북도충주시앙성면,73,117
충청북도충주시중앙탑면,75,115
충청북도충주시금가면,76,116
충청북도충주시동량면,77,115
충청북도충주시산척면,77,116
충청북도충주시엄정면,76,117
충청북도충주시소태면,75,117
충청북도충주시성내.충인동,77,114
충청북도충주시교현.안림동,77,114
충청북도충주시교현2동,76,114
충청북도충주시용산동,77,114
충청북도충주시지현동,77,114
충청북도충주시문화동,76,114
충청북도충주시호암.직동,77,114
충청북도충주시달천동,76,114
충청북도충주시봉방동,76,114
충청북도충주시칠금.금릉동,76,114
충청북도충주시연수동,77,114
충청북도충주시목행.용탄동,76,115
충청북도제천시,81,118
충청북도제천시봉양읍,80,118
충청북도제천시금성면,81,116
충청북도제천시청풍면,81,115
충청북도제천시수산면,81,113
충청북도제천시덕산면,81,113
충청북도제천시한수면,79,112
충청북도제천시백운면,78,118
충청북도제천시송학면,82,119
충청북도제천시교동,81,118
충청북도제천시의림지동,81,118
충청북도제천시중앙동,81,118
충청북도제천시남현동,81,118
충청북도제천시영서동,81,118
충청북도제천시용두동,81,118
충청북도제천시신백동,82,118
충청북도제천시청전동,81,118
충청북도제천시화산동,81,118
충청북도보은군,73,103
충청북도보은군보은읍,73,103
충청북도보은군속리산면,75,104
충청북도보은군장안면,74,103
충청북도보은군마로면,75,102
충청북도보은군탄부면,74,102
충청북도보은군삼승면,73,101
충청북도보은군수한면,73,103
충청북도보은군회남면,71,102
충청북도보은군회인면,71,104
충청북도보은군내북면,72,105
충청북도보은군산외면,73,105
충청북도옥천군,71,99
충청북도옥천군옥천읍,71,99
충청북도옥천군동이면,71,99
충청북도옥천군안남면,72,101
충청북도옥천군안내면,72,101
충청북도옥천군청성면,74,100
충청북도옥천군청산면,74,100
충청북도옥천군이원면,71,98
충청북도옥천군군서면,70,99
충청북도옥천군군북면,70,100
충청북도영동군,74,97
충청북도영동군영동읍,74,97
충청북도영동군용산면,75,99
충청북도영동군황간면,77,98
충청북도영동군추풍령면,78,98
충청북도영동군매곡면,77,97
충청북도영동군상촌면,77,96
충청북도영동군양강면,74,96
충청북도영동군용화면,74,93
충청북도영동군학산면,73,95
충청북도영동군양산면,72,95
충청북도영동군심천면,73,98
충청북도증평군,71,110
충청북도증평군증평읍,71,110
충청북도증평군도안면,71,110
충청북도진천군,68,111
충청북도진천군진천읍,68,111
충청북도진천군덕산읍,69,113
충청북도진천군초평면,70,111
충청북도진천군문백면,68,110
충청북도진천군백곡면,67,112
충청북도진천군이월면,68,113
충청북도진천군광혜원면,68,114
충청북도괴산군,74,111
충청북도괴산군괴산읍,74,111
충청북도괴산군감물면,76,111
충청북도괴산군장연면,77,111
충청북도괴산군연풍면,78,110
충청북도괴산군칠성면,75,110
충청북도괴산군문광면,74,110
충청북도괴산군청천면,73,107
충청북도괴산군청안면,72,110
충청북도괴산군사리면,72,111
충청북도괴산군소수면,73,111
충청북도괴산군불정면,75,112
충청북도음성군,72,113
충청북도음성군음성읍,72,113
충청북도음성군금왕읍,71,114
충청북도음성군소이면,74,113
충청북도음성군원남면,72,112
충청북도음성군맹동면,70,113
충청북도음성군대소면,69,114
충청북도음성군삼성면,69,115
충청북도음성군생극면,71,115
충청북도음성군감곡면,71,117
충청북도단양군,84,115
충청북도단양군단양읍,84,115
충청북도단양군매포읍,83,116
충청북도단양군대강면,84,113
충청북도단양군가곡면,84,115
충청북도단양군영춘면,86,117
충청북도단양군어상천면,84,117
충청북도단양군적성면,83,114
충청북도단양군단성면,83,113
충청남도,68,100
충청남도천안시동남구,63,110
충청남도천안시동남구목천읍,65,110
충청남도천안시동남구풍세면,63,108
충청남도천안시동남구광덕면,62,108
충청남도천안시동남구북면,65,111
충청남도천안시동남구성남면,65,109
충청남도천안시동남구수신면,65,109
충청남도천안시동남구병천면,66,109
충청남도천안시동남구동면,66,110
충청남도천안시동남구중앙동,63,110
충청남도천안시동남구문성동,63,110
충청남도천안시동남구원성1동,63,110
충청남도천안시동남구원성2동,63,110
충청남도천안시동남구봉명동,63,110
충청남도천안시동남구일봉동,63,110
충청남도천안시동남구신방동,63,110
충청남도천안시동남구청룡동,63,110
충청남도천안시동남구신안동,63,110
충청남도천안시서북구,63,112
충청남도천안시서북구성환읍,63,113
충청남도천안시서북구성거읍,64,112
충청남도천안시서북구직산읍,63,112
충청남도천안시서북구입장면,64,113
충청남도천안시서북구성정1동,63,110
충청남도천안시서북구성정2동,63,111
충청남도천안시서북구쌍용1동,63,110
충청남도천안시서북구쌍용2동,63,110
충청남도천안시서북구쌍용3동,63,110
충청남도천안시서북구백석동,62,110
충청남도천안시서북구불당1동,62,110
충청남도천안시서북구불당2동,62,110
충청남도천안시서북구부성1동,63,111
충청남도천안시서북구부성2동,63,111
충청남도공주시,63,102
충청남도공주시유구읍,60,105
충청남도공주시이인면,62,101
충청남도공주시탄천면,61,100
충청남도공주시계룡면,63,100
충청남도공주시반포면,65,101
충청남도공주시의당면,63,104
충청남도공주시정안면,63,106
충청남도공주시우성면,61,103
충청남도공주시사곡면,61,104
충청남도공주시신풍면,60,104
충청남도공주시중학동,63,102
충청남도공주시웅진동,63,103
충청남도공주시금학동,63,102
충청남도공주시옥룡동,63,103
충청남도공주시신관동,63,103
충청남도공주시월송동,63,103
충청남도보령시,54,100
충청남도보령시웅천읍,54,98
충청남도보령시주포면,53,102
충청남도보령시오천면,52,102
충청남도보령시원산도출장소,51,101
충청남도보령시천북면,52,103
충청남도보령시청소면,53,102
충청남도보령시청라면,55,101
충청남도보령시남포면,54,99
충청남도보령시주산면,54,97
충청남도보령시미산면,55,97
충청남도보령시성주면,54,100
충청남도보령시주교면,53,101
충청남도보령시대천1동,53,100
충청남도보령시대천2동,53,100
충청남도보령시대천3동,54,100
충청남도보령시대천4동,54,100
충청남도보령시대천5동,52,99
충청남도아산시,60,110
충청남도아산시염치읍,60,110
충청남도아산시배방읍,62,110
충청남도아산시송악면,61,109
충청남도아산시탕정면,61,110
충청남도아산시음봉면,61,111
충청남도아산시둔포면,61,113
충청남도아산시영인면,60,111
충청남도아산시인주면,58,111
충청남도아산시선장면,58,110
충청남도아산시도고면,58,109
충청남도아산시신창면,59,110
충청남도아산시온양1동,60,110
충청남도아산시온양2동,60,110
충청남도아산시온양3동,61,110
충청남도아산시온양4동,60,110
충청남도아산시온양5동,60,109
충청남도아산시온양6동,61,109
충청남도서산시,51,110
충청남도서산시대산읍,51,113
충청남도서산시인지면,50,109
충청남도서산시부석면,50,108
충청남도서산시팔봉면,49,110
충청남도서산시지곡면,51,111
충청남도서산시성연면,51,111
충청남도서산시음암면,52,110
충청남도서산시운산면,53,110
충청남도서산시해미면,53,108
충청남도서산시고북면,52,107
충청남도서산시부춘동,51,110
충청남도서산시동문1동,51,110
충청남도서산시동문2동,51,110
충청남도서산시수석동,51,109
충청남도서산시석남동,51,109
충청남도논산시,62,97
충청남도논산시강경읍,61,96
충청남도논산시연무읍,62,95
충청남도논산시성동면,61,97
충청남도논산시광석면,62,98
충청남도논산시노성면,63,99
충청남도논산시상월면,63,99
충청남도논산시부적면,63,97
충청남도논산시연산면,64,97
충청남도논산시벌곡면,65,97
충청남도논산시양촌면,65,96
충청남도논산시가야곡면,63,96
충청남도논산시은진면,62,96
충청남도논산시채운면,62,96
충청남도논산시취암동,62,97
충청남도논산시부창동,62,97
충청남도계룡시,65,99
충청남도계룡시두마면,65,98
충청남도계룡시엄사면,65,99
충청남도계룡시신도안면,65,99
충청남도계룡시금암동,65,99
충청남도당진시,54,112
충청남도당진시합덕읍,56,110
충청남도당진시송악읍,55,112
충청남도당진시고대면,53,113
충청남도당진시석문면,53,114
충청남도당진시대호지면,52,112
충청남도당진시정미면,53,112
충청남도당진시면천면,55,110
충청남도당진시순성면,55,111
충청남도당진시우강면,57,110
충청남도당진시신평면,56,112
충청남도당진시송산면,55,113
충청남도당진시당진1동,54,112
충청남도당진시당진2동,54,112
충청남도당진시당진3동,54,112
충청남도금산군,69,95
충청남도금산군금산읍,69,95
충청남도금산군금성면,69,96
충청남도금산군제원면,70,95
충청남도금산군부리면,70,94
충청남도금산군군북면,70,96
충청남도금산군남일면,70,94
충청남도금산군남이면,68,94
충청남도금산군진산면,67,96
충청남도금산군복수면,68,96
충청남도금산군추부면,69,97
충청남도부여군,59,99
충청남도부여군부여읍,59,99
충청남도부여군규암면,59,99
충청남도부여군은산면,58,99
충청남도부여군외산면,55,99
충청남도부여군내산면,57,99
충청남도부여군구룡면,57,98
충청남도부여군홍산면,56,97
충청남도부여군옥산면,56,97
충청남도부여군남면,57,97
충청남도부여군충화면,57,97
충청남도부여군양화면,59,96
충청남도부여군임천면,59,97
충청남도부여군장암면,59,98
충청남도부여군세도면,60,96
충청남도부여군석성면,61,98
충청남도부여군초촌면,61,98
충청남도서천군,55,94
충청남도서천군장항읍,55,93
충청남도서천군서천읍,55,94
충청남도서천군마서면,55,94
충청남도서천군화양면,57,93
충청남도서천군기산면,56,94
충청남도서천군한산면,57,94
충청남도서천군마산면,57,95
충청남도서천군시초면,56,95
충청남도서천군문산면,56,96
충청남도서천군판교면,55,96
충청남도서천군종천면,55,95
충청남도서천군비인면,54,96
충청남도서천군서면,53,96
충청남도청양군,57,103
충청남도청양군청양읍,57,102
충청남도청양군운곡면,58,104
충청남도청양군대치면,58,102
충청남도청양군정산면,60,102
충청남도청양군목면,61,102
충청남도청양군청남면,60,100
충청남도청양군장평면,59,100
충청남도청양군남양면,57,101
충청남도청양군화성면,56,102
충청남도청양군비봉면,57,104
충청남도홍성군,55,106
충청남도홍성군홍성읍,55,106
충청남도홍성군광천읍,54,104
충청남도홍성군홍북읍,55,107
충청남도홍성군금마면,56,106
충청남도홍성군홍동면,55,105
충청남도홍성군장곡면,55,104
충청남도홍성군은하면,53,104
충청남도홍성군결성면,53,104
충청남도홍성군서부면,52,105
충청남도홍성군갈산면,53,106
충청남도홍성군구항면,54,105
충청남도예산군,58,107
충청남도예산군예산읍,58,107
충청남도예산군삽교읍,56,108
충청남도예산군대술면,59,107
충청남도예산군신양면,58,106
충청남도예산군광시면,57,105
충청남도예산군대흥면,57,106
충청남도예산군응봉면,56,107
충청남도예산군덕산면,55,108
충청남도예산군봉산면,55,109
충청남도예산군고덕면,56,109
충청남도예산군신암면,57,109
충청남도예산군오가면,57,108
충청남도태안군,48,109
충청남도태안군태안읍,48,109
충청남도태안군안면읍,49,104
충청남도태안군고남면,50,102
충청남도태안군남면,48,107
충청남도태안군근흥면,47,108
충청남도태안군소원면,46,109
충청남도태안군원북면,48,110
충청남도태안군이원면,48,111
전라북도,63,89
전라북도전주시완산구,63,89
전라북도전주시완산구중앙동,63,89
전라북도전주시완산구풍남동,63,89
전라북도전주시완산구노송동,63,89
전라북도전주시완산구완산동,63,88
전라북도전주시완산구동서학동,63,89
전라북도전주시완산구서서학동,63,88
전라북도전주시완산구중화산1동,63,89
전라북도전주시완산구중화산2동,63,89
전라북도전주시완산구서신동,63,89
전라북도전주시완산구평화1동,63,88
전라북도전주시완산구평화2동,63,88
전라북도전주시완산구삼천1동,63,88
전라북도전주시완산구삼천2동,63,88
전라북도전주시완산구삼천3동,63,88
전라북도전주시완산구효자1동,63,88
전라북도전주시완산구효자2동,63,88
전라북도전주시완산구효자3동,63,88
전라북도전주시완산구효자4동,62,89
전라북도전주시완산구효자5동,63,89
전라북도전주시덕진구,63,89
전라북도전주시덕진구진북동,63,89
전라북도전주시덕진구인후1동,63,89
전라북도전주시덕진구인후2동,63,89
전라북도전주시덕진구인후3동,64,89
전라북도전주시덕진구덕진동,63,89
전라북도전주시덕진구금암1동,63,89
전라북도전주시덕진구금암2동,63,89
전라북도전주시덕진구팔복동,63,89
전라북도전주시덕진구우아1동,64,89
전라북도전주시덕진구우아2동,64,89
전라북도전주시덕진구호성동,63,90
전라북도전주시덕진구송천1동,63,90
전라북도전주시덕진구송천2동,63,90
전라북도전주시덕진구조촌동,62,90
전라북도전주시덕진구여의동,62,90
전라북도전주시덕진구혁신동,62,89
전라북도군산시,56,92
전라북도군산시옥구읍,55,91
전라북도군산시옥산면,56,91
전라북도군산시회현면,56,91
전라북도군산시임피면,58,92
전라북도군산시서수면,58,92
전라북도군산시대야면,57,91
전라북도군산시개정면,57,92
전라북도군산시성산면,57,92
전라북도군산시나포면,58,93
전라북도군산시옥도면,43,95
전라북도군산시옥서면,54,91
전라북도군산시해신동,55,92
전라북도군산시월명동,56,92
전라북도군산시신풍동,55,92
전라북도군산시삼학동,56,92
전라북도군산시중앙동,56,92
전라북도군산시흥남동,56,92
전라북도군산시조촌동,56,92
전라북도군산시경암동,56,92
전라북도군산시구암동,56,92
전라북도군산시개정동,56,92
전라북도군산시수송동,56,92
전라북도군산시나운1동,55,92
전라북도군산시나운2동,55,92
전라북도군산시나운3동,55,92
전라북도군산시소룡동,55,92
전라북도군산시미성동,55,92
전라북도익산시,60,91
전라북도익산시함열읍,60,94
전라북도익산시오산면,59,91
전라북도익산시황등면,60,93
전라북도익산시함라면,59,94
전라북도익산시웅포면,58,94
전라북도익산시성당면,59,95
전라북도익산시용안면,60,95
전라북도익산시낭산면,61,94
전라북도익산시망성면,61,96
전라북도익산시여산면,62,94
전라북도익산시금마면,62,92
전라북도익산시왕궁면,62,92
전라북도익산시춘포면,61,90
전라북도익산시삼기면,60,93
전라북도익산시용동면,60,95
전라북도익산시중앙동,60,91
전라북도익산시평화동,60,91
전라북도익산시인화동,60,91
전라북도익산시동산동,60,91
전라북도익산시마동,60,91
전라북도익산시남중동,60,92
전라북도익산시모현동,60,91
전라북도익산시송학동,60,91
전라북도익산시영등1동,60,92
전라북도익산시영등2동,60,92
전라북도익산시어양동,60,92
전라북도익산시신동,60,92
전라북도익산시팔봉동,61,92
전라북도익산시삼성동,60,92
전라북도정읍시,58,83
전라북도정읍시신태인읍,59,86
전라북도정읍시북면,59,84
전라북도정읍시입암면,57,82
전라북도정읍시소성면,57,83
전라북도정읍시고부면,57,84
전라북도정읍시영원면,57,85
전라북도정읍시덕천면,58,84
전라북도정읍시이평면,58,85
전라북도정읍시정우면,59,85
전라북도정읍시태인면,60,85
전라북도정읍시감곡면,59,86
전라북도정읍시옹동면,60,85
전라북도정읍시칠보면,61,84
전라북도정읍시산내면,61,83
전라북도정읍시산외면,61,84
전라북도정읍시수성동,58,83
전라북도정읍시장명동,58,83
전라북도정읍시내장상동,58,83
전라북도정읍시시기동,58,83
전라북도정읍시초산동,58,83
전라북도정읍시연지동,58,83
전라북도정읍시농소동,58,84
전라북도정읍시상교동,58,83
전라북도남원시,68,80
전라북도남원시운봉읍,70,81
전라북도남원시주천면,69,79
전라북도남원시수지면,67,78
전라북도남원시송동면,67,79
전라북도남원시주생면,67,79
전라북도남원시금지면,66,79
전라북도남원시대강면,65,78
전라북도남원시대산면,67,80
전라북도남원시사매면,67,82
전라북도남원시덕과면,67,82
전라북도남원시보절면,68,82
전라북도남원시산동면,69,82
전라북도남원시이백면,69,80
전라북도남원시아영면,72,82
전라북도남원시산내면,72,80
전라북도남원시인월면,71,81
전라북도남원시동충동,68,80
전라북도남원시죽항동,68,80
전라북도남원시노암동,68,80
전라북도남원시금동,67,80
전라북도남원시왕정동,67,80
전라북도남원시향교동,68,80
전라북도남원시도통동,68,80
전라북도김제시,59,88
전라북도김제시만경읍,58,89
전라북도김제시죽산면,57,88
전라북도김제시백산면,59,89
전라북도김제시용지면,60,89
전라북도김제시백구면,60,90
전라북도김제시부량면,58,87
전라북도김제시공덕면,59,90
전라북도김제시청하면,58,90
전라북도김제시성덕면,57,89
전라북도김제시진봉면,57,90
전라북도김제시금구면,61,88
전라북도김제시봉남면,60,87
전라북도김제시황산면,60,88
전라북도김제시금산면,61,86
전라북도김제시광활면,56,89
전라북도김제시요촌동,59,88
전라북도김제시신풍동,59,88
전라북도김제시검산동,59,88
전라북도김제시교월동,59,88
전라북도완주군,63,89
전라북도완주군삼례읍,62,91
전라북도완주군봉동읍,64,91
전라북도완주군용진읍,63,90
전라북도완주군상관면,64,88
전라북도완주군이서면,61,89
전라북도완주군소양면,65,90
전라북도완주군구이면,63,87
전라북도완주군고산면,64,92
전라북도완주군비봉면,63,93
전라북도완주군운주면,66,95
전라북도완주군화산면,64,93
전라북도완주군동상면,66,91
전라북도완주군경천면,65,93
전라북도진안군,68,88
전라북도진안군진안읍,68,88
전라북도진안군용담면,70,92
전라북도진안군안천면,70,91
전라북도진안군동향면,71,89
전라북도진안군상전면,69,89
전라북도진안군백운면,68,86
전라북도진안군성수면,66,86
전라북도진안군마령면,67,87
전라북도진안군부귀면,67,89
전라북도진안군정천면,68,90
전라북도진안군주천면,68,92
전라북도무주군,72,93
전라북도무주군무주읍,72,93
전라북도무주군무풍면,76,92
전라북도무주군설천면,75,93
전라북도무주군적상면,72,92
전라북도무주군안성면,72,90
전라북도무주군부남면,71,92
전라북도장수군,70,85
전라북도장수군장수읍,70,85
전라북도장수군산서면,68,84
전라북도장수군번암면,70,83
전라북도장수군장계면,71,87
전라북도장수군천천면,70,87
전라북도장수군계남면,71,86
전라북도장수군계북면,72,88
전라북도임실군,66,84
전라북도임실군임실읍,66,84
전라북도임실군청웅면,64,83
전라북도임실군운암면,63,85
전라북도임실군신평면,65,85
전라북도임실군성수면,67,85
전라북도임실군오수면,67,83
전라북도임실군신덕면,64,86
전라북도임실군삼계면,66,82
전라북도임실군관촌면,66,86
전라북도임실군강진면,64,82
전라북도임실군덕치면,64,82
전라북도임실군지사면,67,83
전라북도순창군,63,79
전라북도순창군순창읍,63,79
전라북도순창군인계면,63,80
전라북도순창군동계면,65,81
전라북도순창군풍산면,63,78
전라북도순창군금과면,62,78
전라북도순창군팔덕면,63,79
전라북도순창군쌍치면,61,82
전라북도순창군복흥면,60,80
전라북도순창군적성면,65,80
전라북도순창군유등면,64,79
전라북도순창군구림면,63,81
전라북도고창군,56,80
전라북도고창군고창읍,56,80
전라북도고창군고수면,55,80
전라북도고창군아산면,54,80
전라북도고창군무장면,53,80
전라북도고창군공음면,52,79
전라북도고창군상하면,52,80
전라북도고창군해리면,53,81
전라북도고창군성송면,55,79
전라북도고창군대산면,54,78
전라북도고창군심원면,53,82
전라북도고창군흥덕면,56,82
전라북도고창군성내면,56,83
전라북도고창군신림면,56,81
전라북도고창군부안면,55,82
전라북도부안군,56,87
전라북도부안군부안읍,56,87
전라북도부안군주산면,56,85
전라북도부안군동진면,56,87
전라북도부안군행안면,56,87
전라북도부안군계화면,55,87
전라북도부안군보안면,55,84
전라북도부안군변산면,52,85
전라북도부안군진서면,54,84
전라북도부안군백산면,57,86
전라북도부안군상서면,55,86
전라북도부안군하서면,55,86
전라북도부안군줄포면,55,84
전라북도부안군위도면,48,84
전라남도,51,67
전라남도목포시,50,67
전라남도목포시용당1동,50,66
전라남도목포시용당2동,50,66
전라남도목포시연동,50,66
전라남도목포시산정동,50,67
전라남도목포시연산동,50,67
전라남도목포시원산동,50,67
전라남도목포시대성동,50,66
전라남도목포시목원동,50,66
전라남도목포시동명동,50,66
전라남도목포시삼학동,50,66
전라남도목포시만호동,50,66
전라남도목포시유달동,50,66
전라남도목포시죽교동,50,66
전라남도목포시북항동,50,67
전라남도목포시용해동,50,67
전라남도목포시이로동,50,66
전라남도목포시상동,50,67
전라남도목포시하당동,51,67
전라남도목포시신흥동,51,66
전라남도목포시삼향동,51,67
전라남도목포시옥암동,51,67
전라남도목포시부흥동,51,66
전라남도목포시부주동,51,67
전라남도여수시,73,66
전라남도여수시돌산읍,74,63
전라남도여수시소라면,72,66
전라남도여수시율촌면,71,68
전라남도여수시화양면,72,65
전라남도여수시남면,75,60
전라남도여수시화정면,73,63
전라남도여수시삼산면,67,50
전라남도여수시동문동,74,65
전라남도여수시한려동,74,65
전라남도여수시중앙동,74,65
전라남도여수시충무동,74,66
전라남도여수시광림동,74,66
전라남도여수시서강동,74,65
전라남도여수시대교동,74,65
전라남도여수시국동,74,65
전라남도여수시월호동,74,65
전라남도여수시여서동,74,66
전라남도여수시문수동,74,66
전라남도여수시미평동,74,66
전라남도여수시둔덕동,73,66
전라남도여수시만덕동,74,66
전라남도여수시쌍봉동,73,66
전라남도여수시시전동,73,66
전라남도여수시여천동,73,66
전라남도여수시주삼동,73,66
전라남도여수시삼일동,73,67
전라남도여수시묘도동,74,68
전라남도순천시,70,70
전라남도순천시승주읍,68,71
전라남도순천시해룡면,71,69
전라남도순천시서면,70,71
전라남도순천시황전면,69,73
전라남도순천시월등면,68,73
전라남도순천시주암면,65,73
전라남도순천시송광면,66,70
전라남도순천시외서면,66,69
전라남도순천시낙안면,67,69
전라남도순천시별량면,69,68
전라남도순천시상사면,69,70
전라남도순천시향동,70,70
전라남도순천시매곡동,70,70
전라남도순천시삼산동,70,70
전라남도순천시조곡동,70,70
전라남도순천시덕연동,70,70
전라남도순천시풍덕동,70,70
전라남도순천시남제동,70,70
전라남도순천시저전동,70,70
전라남도순천시장천동,70,70
전라남도순천시중앙동,70,70
전라남도순천시도사동,70,69
전라남도순천시왕조1동,70,70
전라남도순천시왕조2동,70,70
전라남도나주시,56,71
전라남도나주시남평읍,58,72
전라남도나주시세지면,56,69
전라남도나주시왕곡면,55,70
전라남도나주시반남면,55,69
전라남도나주시공산면,54,70
전라남도나주시동강면,53,69
전라남도나주시다시면,54,71
전라남도나주시문평면,54,72
전라남도나주시노안면,56,72
전라남도나주시금천면,57,71
전라남도나주시산포면,57,72
전라남도나주시다도면,58,70
전라남도나주시봉황면,57,70
전라남도나주시송월동,56,71
전라남도나주시영강동,56,71
전라남도나주시금남동,56,71
전라남도나주시성북동,56,72
전라남도나주시영산동,56,71
전라남도나주시이창동,56,71
전라남도나주시빛가람동,57,71
전라남도광양시,73,70
전라남도광양시광양읍,71,70
전라남도광양시봉강면,71,71
전라남도광양시옥룡면,72,71
전라남도광양시옥곡면,73,71
전라남도광양시진상면,74,71
전라남도광양시진월면,74,71
전라남도광양시다압면,73,74
전라남도광양시골약동,73,70
전라남도광양시중마동,73,70
전라남도광양시광영동,74,70
전라남도광양시금호동,74,70
전라남도광양시태인동,74,70
전라남도담양군,61,78
전라남도담양군담양읍,61,78
전라남도담양군봉산면,60,77
전라남도담양군고서면,60,76
전라남도담양군가사문학면,61,75
전라남도담양군창평면,61,76
전라남도담양군대덕면,62,76
전라남도담양군무정면,61,77
전라남도담양군금성면,61,78
전라남도담양군용면,61,79
전라남도담양군월산면,60,78
전라남도담양군수북면,60,77
전라남도담양군대전면,59,77
전라남도곡성군,66,77
전라남도곡성군곡성읍,66,77
전라남도곡성군오곡면,66,77
전라남도곡성군삼기면,65,76
전라남도곡성군석곡면,65,74
전라남도곡성군목사동면,66,74
전라남도곡성군죽곡면,67,74
전라남도곡성군고달면,67,77
전라남도곡성군옥과면,63,77
전라남도곡성군입면,64,77
전라남도곡성군겸면,64,76
전라남도곡성군오산면,63,76
전라남도구례군,69,75
전라남도구례군구례읍,69,76
전라남도구례군문척면,70,75
전라남도구례군간전면,71,75
전라남도구례군토지면,70,75
전라남도구례군마산면,70,76
전라남도구례군광의면,69,77
전라남도구례군용방면,69,76
전라남도구례군산동면,69,78
전라남도고흥군,66,62
전라남도고흥군고흥읍,66,62
전라남도고흥군도양읍,64,61
전라남도고흥군풍양면,65,62
전라남도고흥군도덕면,64,61
전라남도고흥군금산면,63,59
전라남도고흥군도화면,67,60
전라남도고흥군포두면,67,62
전라남도고흥군봉래면,69,59
전라남도고흥군점암면,68,63
전라남도고흥군과역면,67,64
전라남도고흥군남양면,67,65
전라남도고흥군동강면,67,66
전라남도고흥군대서면,66,66
전라남도고흥군두원면,66,63
전라남도고흥군영남면,69,62
전라남도고흥군동일면,69,60
전라남도보성군,62,66
전라남도보성군보성읍,62,66
전라남도보성군벌교읍,67,68
전라남도보성군노동면,62,66
전라남도보성군미력면,63,66
전라남도보성군겸백면,64,67
전라남도보성군율어면,64,68
전라남도보성군복내면,63,69
전라남도보성군문덕면,64,69
전라남도보성군조성면,65,67
전라남도보성군득량면,64,66
전라남도보성군회천면,63,64
전라남도보성군웅치면,61,65
전라남도화순군,61,72
전라남도화순군화순읍,61,72
전라남도화순군한천면,61,70
전라남도화순군춘양면,60,70
전라남도화순군청풍면,60,68
전라남도화순군이양면,61,68
전라남도화순군능주면,60,71
전라남도화순군도곡면,59,71
전라남도화순군도암면,59,69
전라남도화순군이서면,62,73
전라남도화순군백아면,63,75
전라남도화순군동복면,63,72
전라남도화순군사평면,63,71
전라남도화순군동면,62,71
전라남도장흥군,59,64
전라남도장흥군장흥읍,59,64
전라남도장흥군관산읍,60,61
전라남도장흥군대덕읍,59,60
전라남도장흥군용산면,59,62
전라남도장흥군안양면,61,63
전라남도장흥군장동면,61,65
전라남도장흥군장평면,61,66
전라남도장흥군유치면,58,66
전라남도장흥군부산면,59,65
전라남도장흥군회진면,60,59
전라남도강진군,57,63
전라남도강진군강진읍,57,63
전라남도강진군군동면,58,63
전라남도강진군칠량면,57,61
전라남도강진군대구면,57,60
전라남도강진군도암면,56,61
전라남도강진군신전면,56,60
전라남도강진군성전면,56,64
전라남도강진군작천면,57,64
전라남도강진군병영면,58,65
전라남도강진군옴천면,57,65
전라남도강진군마량면,58,59
전라남도해남군,54,61
전라남도해남군해남읍,54,61
전라남도해남군삼산면,54,60
전라남도해남군화산면,52,60
전라남도해남군현산면,53,59
전라남도해남군송지면,52,57
전라남도해남군북평면,54,58
전라남도해남군북일면,55,59
전라남도해남군옥천면,55,61
전라남도해남군계곡면,55,63
전라남도해남군마산면,53,62
전라남도해남군황산면,51,61
전라남도해남군산이면,51,63
전라남도해남군문내면,49,62
전라남도해남군화원면,49,64
전라남도영암군,56,66
전라남도영암군영암읍,56,66
전라남도영암군삼호읍,51,65
전라남도영암군덕진면,56,67
전라남도영암군금정면,56,68
전라남도영암군신북면,55,68
전라남도영암군시종면,54,68
전라남도영암군도포면,55,67
전라남도영암군군서면,55,66
전라남도영암군서호면,54,65
전라남도영암군학산면,53,65
전라남도영암군미암면,53,64
전라남도무안군,52,71
전라남도무안군무안읍,52,71
전라남도무안군일로읍,52,67
전라남도무안군삼향읍,51,67
전라남도무안군몽탄면,52,69
전라남도무안군청계면,51,69
전라남도무안군현경면,50,71
전라남도무안군망운면,50,71
전라남도무안군해제면,48,73
전라남도무안군운남면,49,70
전라남도함평군,52,72
전라남도함평군함평읍,52,72
전라남도함평군손불면,51,74
전라남도함평군신광면,52,74
전라남도함평군학교면,53,71
전라남도함평군엄다면,52,71
전라남도함평군대동면,53,72
전라남도함평군나산면,54,73
전라남도함평군해보면,54,75
전라남도함평군월야면,54,75
전라남도영광군,52,77
전라남도영광군영광읍,52,77
전라남도영광군백수읍,51,77
전라남도영광군홍농읍,51,79
전라남도영광군대마면,53,77
전라남도영광군묘량면,53,76
전라남도영광군불갑면,52,75
전라남도영광군군서면,52,76
전라남도영광군군남면,51,76
전라남도영광군염산면,50,75
전라남도영광군법성면,51,79
전라남도영광군낙월면,45,75
전라남도장성군,57,77
전라남도장성군장성읍,57,77
전라남도장성군진원면,58,77
전라남도장성군남면,58,76
전라남도장성군동화면,56,77
전라남도장성군삼서면,55,76
전라남도장성군삼계면,55,76
전라남도장성군황룡면,57,77
전라남도장성군서삼면,57,78
전라남도장성군북일면,57,79
전라남도장성군북이면,57,80
전라남도장성군북하면,59,80
전라남도완도군,57,56
전라남도완도군완도읍,57,56
전라남도완도군금일읍,62,57
전라남도완도군노화읍,53,53
전라남도완도군군외면,55,57
전라남도완도군신지면,58,56
전라남도완도군고금면,58,58
전라남도완도군약산면,59,58
전라남도완도군청산면,59,53
전라남도완도군소안면,55,53
전라남도완도군금당면,62,58
전라남도완도군보길면,53,53
전라남도완도군생일면,61,56
전라남도진도군,48,59
전라남도진도군진도읍,48,59
전라남도진도군군내면,48,60
전라남도진도군고군면,49,60
전라남도진도군의신면,48,58
전라남도진도군임회면,46,58
전라남도진도군지산면,46,58
전라남도진도군조도면,44,55
전라남도신안군,50,66
전라남도신안군지도읍,47,72
전라남도신안군압해읍,49,68
전라남도신안군증도면,46,71
전라남도신안군임자면,45,73
전라남도신안군자은면,44,68
전라남도신안군비금면,42,65
전라남도신안군도초면,42,64
전라남도신안군흑산면,33,64
전라남도신안군하의면,44,62
전라남도신안군신의면,45,62
전라남도신안군장산면,46,63
전라남도신안군안좌면,45,65
전라남도신안군팔금면,46,66
전라남도신안군암태면,45,67
경상북도,89,91
경상북도포항시남구,102,94
경상북도포항시남구구룡포읍,105,94
경상북도포항시남구연일읍,102,94
경상북도포항시남구오천읍,103,93
경상북도포항시남구대송면,102,93
경상북도포항시남구동해면,104,94
경상북도포항시남구장기면,105,92
경상북도포항시남구호미곶면,106,96
경상북도포항시남구상대동,102,94
경상북도포항시남구해도동,102,94
경상북도포항시남구송도동,102,94
경상북도포항시남구청림동,103,94
경상북도포항시남구제철동,103,94
경상북도포항시남구효곡동,102,94
경상북도포항시남구대이동,102,94
경상북도포항시북구,102,95
경상북도포항시북구흥해읍,102,96
경상북도포항시북구신광면,100,97
경상북도포항시북구청하면,102,98
경상북도포항시북구송라면,102,99
경상북도포항시북구기계면,100,95
경상북도포항시북구죽장면,97,97
경상북도포항시북구기북면,99,96
경상북도포항시북구중앙동,102,95
경상북도포항시북구양학동,102,94
경상북도포항시북구죽도동,102,95
경상북도포항시북구용흥동,102,95
경상북도포항시북구우창동,102,95
경상북도포항시북구두호동,102,95
경상북도포항시북구장량동,102,95
경상북도포항시북구환여동,103,95
경상북도경주시,100,91
경상북도경주시감포읍,105,90
경상북도경주시안강읍,100,93
경상북도경주시건천읍,98,90
경상북도경주시외동읍,102,88
경상북도경주시문무대왕면,104,89
경상북도경주시양남면,104,87
경상북도경주시내남면,100,88
경상북도경주시산내면,97,88
경상북도경주시서면,97,91
경상북도경주시현곡면,100,91
경상북도경주시강동면,101,93
경상북도경주시천북면,101,91
경상북도경주시중부동,100,90
경상북도경주시황오동,100,90
경상북도경주시성건동,100,90
경상북도경주시황남동,100,90
경상북도경주시선도동,99,90
경상북도경주시월성동,100,90
경상북도경주시용강동,100,91
경상북도경주시황성동,100,91
경상북도경주시동천동,100,90
경상북도경주시불국동,101,89
경상북도경주시보덕동,101,90
경상북도김천시,80,96
경상북도김천시아포읍,83,97
경상북도김천시농소면,81,95
경상북도김천시남면,82,95
경상북도김천시개령면,81,97
경상북도김천시감문면,81,98
경상북도김천시어모면,80,97
경상북도김천시봉산면,79,96
경상북도김천시대항면,79,96
경상북도김천시감천면,80,94
경상북도김천시조마면,80,94
경상북도김천시구성면,79,94
경상북도김천시지례면,79,93
경상북도김천시부항면,77,93
경상북도김천시대덕면,78,91
경상북도김천시증산면,79,91
경상북도김천시자산동,80,96
경상북도김천시평화남산동,80,96
경상북도김천시양금동,80,95
경상북도김천시대신동,80,96
경상북도김천시대곡동,80,96
경상북도김천시지좌동,81,96
경상북도김천시율곡동,81,96
경상북도안동시,91,106
경상북도안동시풍산읍,88,106
경상북도안동시와룡면,91,107
경상북도안동시북후면,90,108
경상북도안동시서후면,90,107
경상북도안동시풍천면,87,105
경상북도안동시일직면,90,104
경상북도안동시남후면,90,105
경상북도안동시남선면,91,105
경상북도안동시임하면,92,105
경상북도안동시길안면,94,103
경상북도안동시임동면,94,106
경상북도안동시예안면,93,108
경상북도안동시도산면,92,110
경상북도안동시녹전면,91,110
경상북도안동시중구동,91,106
경상북도안동시명륜동,91,106
경상북도안동시용상동,91,105
경상북도안동시서구동,90,106
경상북도안동시태화동,90,106
경상북도안동시평화동,90,106
경상북도안동시안기동,90,106
경상북도안동시옥동,90,106
경상북도안동시송하동,90,106
경상북도안동시강남동,91,105
경상북도구미시,84,96
경상북도구미시선산읍,83,98
경상북도구미시고아읍,84,97
경상북도구미시산동읍,86,97
경상북도구미시무을면,82,99
경상북도구미시옥성면,83,100
경상북도구미시도개면,84,100
경상북도구미시해평면,85,97
경상북도구미시장천면,87,96
경상북도구미시송정동,84,96
경상북도구미시원평동,84,96
경상북도구미시도량동,84,96
경상북도구미시지산동,84,96
경상북도구미시선주원남동,84,96
경상북도구미시형곡1동,84,96
경상북도구미시형곡2동,84,95
경상북도구미시신평1동,85,96
경상북도구미시신평2동,85,96
경상북도구미시비산동,85,96
경상북도구미시광평동,85,95
경상북도구미시상모사곡동,84,95
경상북도구미시임오동,85,95
경상북도구미시인동동,86,95
경상북도구미시진미동,86,95
경상북도구미시양포동,86,96
경상북도구미시공단동,85,95
경상북도영주시,89,111
경상북도영주시풍기읍,87,112
경상북도영주시이산면,89,111
경상북도영주시평은면,90,109
경상북도영주시문수면,89,110
경상북도영주시장수면,88,110
경상북도영주시안정면,87,112
경상북도영주시봉현면,87,112
경상북도영주시순흥면,88,113
경상북도영주시단산면,88,114
경상북도영주시부석면,89,115
경상북도영주시상망동,89,111
경상북도영주시하망동,89,111
경상북도영주시영주1동,89,111
경상북도영주시영주2동,89,111
경상북도영주시휴천1동,89,111
경상북도영주시휴천2동,89,111
경상북도영주시휴천3동,89,111
경상북도영주시가흥1동,89,111
경상북도영주시가흥2동,88,111
경상북도영천시,95,93
경상북도영천시금호읍,94,92
경상북도영천시청통면,93,93
경상북도영천시신녕면,92,94
경상북도영천시화산면,93,94
경상북도영천시화북면,94,96
경상북도영천시화남면,94,95
경상북도영천시자양면,96,95
경상북도영천시임고면,95,94
경상북도영천시고경면,97,94
경상북도영천시북안면,96,92
경상북도영천시대창면,94,91
경상북도영천시동부동,95,93
경상북도영천시중앙동,95,93
경상북도영천시서부동,95,93
경상북도영천시완산동,95,93
경상북도영천시남부동,95,93
경상북도상주시,81,102
경상북도상주시함창읍,81,105
경상북도상주시중동면,83,102
경상북도상주시사벌국면,82,103
경상북도상주시낙동면,82,101
경상북도상주시청리면,80,100
경상북도상주시공성면,80,99
경상북도상주시외남면,80,101
경상북도상주시내서면,79,102
경상북도상주시모동면,77,100
경상북도상주시모서면,77,100
경상북도상주시화동면,77,101
경상북도상주시화서면,77,103
경상북도상주시화북면,77,105
경상북도상주시외서면,80,103
경상북도상주시은척면,79,105
경상북도상주시공검면,81,104
경상북도상주시이안면,80,106
경상북도상주시화남면,76,103
경상북도상주시남원동,81,102
경상북도상주시북문동,81,102
경상북도상주시계림동,81,102
경상북도상주시동문동,81,102
경상북도상주시동성동,81,102
경상북도상주시신흥동,81,102
경상북도문경시,81,106
경상북도문경시문경읍,80,109
경상북도문경시가은읍,79,107
경상북도문경시영순면,82,106
경상북도문경시산양면,82,106
경상북도문경시호계면,82,107
경상북도문경시산북면,82,107
경상북도문경시동로면,83,110
경상북도문경시마성면,80,108
경상북도문경시농암면,78,106
경상북도문경시점촌1동,81,106
경상북도문경시점촌2동,81,106
경상북도문경시점촌3동,82,106
경상북도문경시점촌4동,81,107
경상북도문경시점촌5동,81,106
경상북도경산시,91,90
경상북도경산시하양읍,93,91
경상북도경산시진량읍,93,91
경상북도경산시압량읍,92,90
경상북도경산시와촌면,93,92
경상북도경산시자인면,93,89
경상북도경산시용성면,94,89
경상북도경산시남산면,93,89
경상북도경산시남천면,91,88
경상북도경산시중방동,91,90
경상북도경산시중앙동,91,89
경상북도경산시남부동,91,89
경상북도경산시서부1동,91,89
경상북도경산시서부2동,91,90
경상북도경산시북부동,92,90
경상북도경산시동부동,92,89
경상북도의성군,90,101
경상북도의성군의성읍,90,101
경상북도의성군단촌면,90,102
경상북도의성군점곡면,91,103
경상북도의성군옥산면,92,102
경상북도의성군사곡면,92,100
경상북도의성군춘산면,92,99
경상북도의성군가음면,91,98
경상북도의성군금성면,90,99
경상북도의성군봉양면,88,100
경상북도의성군비안면,87,101
경상북도의성군구천면,86,101
경상북도의성군단밀면,85,101
경상북도의성군단북면,85,102
경상북도의성군안계면,86,102
경상북도의성군다인면,84,103
경상북도의성군신평면,87,103
경상북도의성군안평면,88,101
경상북도의성군안사면,86,103
경상북도청송군,96,103
경상북도청송군청송읍,96,103
경상북도청송군주왕산면,98,101
경상북도청송군부남면,97,101
경상북도청송군현동면,96,100
경상북도청송군현서면,94,100
경상북도청송군안덕면,95,100
경상북도청송군파천면,96,104
경상북도청송군진보면,96,105
경상북도영양군,97,108
경상북도영양군영양읍,97,108
경상북도영양군입암면,97,106
경상북도영양군청기면,96,108
경상북도영양군일월면,98,109
경상북도영양군수비면,99,110
경상북도영양군석보면,98,106
경상북도영덕군,102,103
경상북도영덕군영덕읍,102,103
경상북도영덕군강구면,102,102
경상북도영덕군남정면,102,100
경상북도영덕군달산면,101,102
경상북도영덕군지품면,100,103
경상북도영덕군축산면,103,105
경상북도영덕군영해면,103,105
경상북도영덕군병곡면,103,107
경상북도영덕군창수면,102,106
경상북도청도군,91,86
경상북도청도군화양읍,91,86
경상북도청도군청도읍,92,86
경상북도청도군각남면,90,85
경상북도청도군풍각면,89,85
경상북도청도군각북면,89,86
경상북도청도군이서면,90,86
경상북도청도군운문면,95,87
경상북도청도군금천면,94,87
경상북도청도군매전면,94,86
경상북도고령군,83,87
경상북도고령군대가야읍,83,87
경상북도고령군덕곡면,82,88
경상북도고령군운수면,84,88
경상북도고령군성산면,85,88
경상북도고령군다산면,86,89
경상북도고령군개진면,85,87
경상북도고령군우곡면,84,86
경상북도고령군쌍림면,83,86
경상북도성주군,83,91
경상북도성주군성주읍,83,91
경상북도성주군선남면,85,91
경상북도성주군용암면,84,90
경상북도성주군수륜면,82,89
경상북도성주군가천면,81,91
경상북도성주군금수면,81,91
경상북도성주군대가면,82,91
경상북도성주군벽진면,82,92
경상북도성주군초전면,83,93
경상북도성주군월항면,84,92
경상북도칠곡군,85,93
경상북도칠곡군왜관읍,85,93
경상북도칠곡군북삼읍,84,94
경상북도칠곡군석적읍,85,94
경상북도칠곡군지천면,87,92
경상북도칠곡군동명면,88,93
경상북도칠곡군가산면,88,95
경상북도칠곡군약목면,85,94
경상북도칠곡군기산면,85,93
경상북도예천군,86,107
경상북도예천군예천읍,86,107
경상북도예천군용문면,85,108
경상북도예천군감천면,87,109
경상북도예천군보문면,87,108
경상북도예천군호명면,86,106
경상북도예천군유천면,85,107
경상북도예천군용궁면,83,106
경상북도예천군개포면,84,106
경상북도예천군지보면,85,105
경상북도예천군풍양면,83,104
경상북도예천군효자면,85,110
경상북도예천군은풍면,86,109
경상북도봉화군,90,113
경상북도봉화군봉화읍,91,113
경상북도봉화군물야면,90,115
경상북도봉화군봉성면,92,113
경상북도봉화군법전면,93,113
경상북도봉화군춘양면,94,114
경상북도봉화군소천면,95,114
경상북도봉화군재산면,95,111
경상북도봉화군명호면,93,112
경상북도봉화군상운면,91,111
경상북도봉화군석포면,96,116
경상북도울진군,102,115
경상북도울진군울진읍,102,115
경상북도울진군평해읍,103,110
경상북도울진군북면,101,118
경상북도울진군근남면,102,115
경상북도울진군기성면,103,111
경상북도울진군온정면,101,109
경상북도울진군죽변면,102,117
경상북도울진군후포면,103,109
경상북도울진군금강송면,99,114
경상북도울진군매화면,102,114
경상북도울릉군,127,127
경상북도울릉군울릉읍,127,127
경상북도울릉군서면,126,127
경상북도울릉군북면,127,129
경상북도울릉군독도144,123
경상남도,91,77
경상남도창원시의창구,90,77
경상남도창원시의창구동읍,91,78
경상남도창원시의창구북면,89,79
경상남도창원시의창구대산면,91,79
경상남도창원시의창구의창동,90,77
경상남도창원시의창구팔룡동,90,77
경상남도창원시의창구명곡동,90,77
경상남도창원시의창구봉림동,91,77
경상남도창원시성산구,91,76
경상남도창원시성산구반송동,91,77
경상남도창원시성산구용지동,91,77
경상남도창원시성산구중앙동,91,77
경상남도창원시성산구상남동,91,76
경상남도창원시성산구사파동,91,76
경상남도창원시성산구가음정동,91,76
경상남도창원시성산구성주동,91,76
경상남도창원시성산구웅남동,90,76
경상남도창원시마산합포구,89,76
경상남도창원시마산합포구구산면,89,74
경상남도창원시마산합포구진동면,88,74
경상남도창원시마산합포구진북면,87,74
경상남도창원시마산합포구진전면,86,74
경상남도창원시마산합포구현동,89,75
경상남도창원시마산합포구가포동,89,75
경상남도창원시마산합포구월영동,89,76
경상남도창원시마산합포구문화동,89,76
경상남도창원시마산합포구중앙동,89,76
경상남도창원시마산합포구완월동,89,76
경상남도창원시마산합포구자산동,89,76
경상남도창원시마산합포구교방동,89,76
경상남도창원시마산합포구오동동,89,76
경상남도창원시마산합포구합포동,89,76
경상남도창원시마산합포구산호동,89,76
경상남도창원시마산회원구,89,76
경상남도창원시마산회원구내서읍,88,77
경상남도창원시마산회원구회원1동,89,76
경상남도창원시마산회원구회원2동,89,76
경상남도창원시마산회원구석전동,89,77
경상남도창원시마산회원구회성동,89,77
경상남도창원시마산회원구양덕1동,89,77
경상남도창원시마산회원구양덕2동,89,77
경상남도창원시마산회원구합성1동,89,77
경상남도창원시마산회원구합성2동,89,77
경상남도창원시마산회원구구암1동,89,77
경상남도창원시마산회원구구암2동,89,77
경상남도창원시마산회원구봉암동,89,76
경상남도창원시진해구,91,75
경상남도창원시진해구충무동,91,75
경상남도창원시진해구여좌동,91,75
경상남도창원시진해구태백동,91,75
경상남도창원시진해구경화동,91,75
경상남도창원시진해구병암동,91,75
경상남도창원시진해구석동,91,75
경상남도창원시진해구이동,91,75
경상남도창원시진해구자은동,91,75
경상남도창원시진해구덕산동,91,75
경상남도창원시진해구풍호동,91,75
경상남도창원시진해구웅천동,92,74
경상남도창원시진해구웅동1동,93,75
경상남도창원시진해구웅동2동,93,74
경상남도진주시,81,75
경상남도진주시문산읍,82,75
경상남도진주시내동면,80,75
경상남도진주시정촌면,81,74
경상남도진주시금곡면,82,73
경상남도진주시진성면,83,75
경상남도진주시일반성면,84,75
경상남도진주시이반성면,85,75
경상남도진주시사봉면,84,75
경상남도진주시지수면,83,76
경상남도진주시대곡면,82,77
경상남도진주시금산면,81,76
경상남도진주시집현면,80,76
경상남도진주시미천면,81,78
경상남도진주시명석면,79,76
경상남도진주시대평면,78,76
경상남도진주시수곡면,77,75
경상남도진주시천전동,80,75
경상남도진주시성북동,80,76
경상남도진주시중앙동,80,75
경상남도진주시상봉동,80,76
경상남도진주시상대동,81,75
경상남도진주시하대동,81,75
경상남도진주시상평동,81,75
경상남도진주시초장동,81,76
경상남도진주시평거동,79,75
경상남도진주시신안동,80,75
경상남도진주시이현동,80,75
경상남도진주시판문동,80,75
경상남도진주시가호동,81,75
경상남도진주시충무공동,81,75
경상남도통영시,87,68
경상남도통영시산양읍,86,67
경상남도통영시용남면,87,68
경상남도통영시도산면,85,69
경상남도통영시광도면,86,69
경상남도통영시욕지면,84,63
경상남도통영시한산면,88,66
경상남도통영시사량면,83,68
경상남도통영시도천동,86,68
경상남도통영시명정동,86,68
경상남도통영시중앙동,87,68
경상남도통영시정량동,87,68
경상남도통영시북신동,87,68
경상남도통영시미수동,86,68
경상남도통영시봉평동,86,68
경상남도통영시무전동,87,68
경상남도사천시,80,71
경상남도사천시사천읍,80,73
경상남도사천시정동면,81,72
경상남도사천시사남면,80,72
경상남도사천시용현면,80,71
경상남도사천시축동면,80,74
경상남도사천시곤양면,78,72
경상남도사천시곤명면,78,74
경상남도사천시서포면,78,71
경상남도사천시동서동,80,70
경상남도사천시선구동,80,70
경상남도사천시동서금동,80,70
경상남도사천시벌용동,80,70
경상남도사천시향촌동,81,70
경상남도사천시남양동,80,71
경상남도김해시,95,77
경상남도김해시진영읍,92,78
경상남도김해시주촌면,93,77
경상남도김해시진례면,92,77
경상남도김해시한림면,93,79
경상남도김해시생림면,94,79
경상남도김해시상동면,95,78
경상남도김해시대동면,96,77
경상남도김해시동상동,94,77
경상남도김해시회현동,94,77
경상남도김해시부원동,94,77
경상남도김해시내외동,94,77
경상남도김해시북부동,94,77
경상남도김해시칠산서부동,94,76
경상남도김해시활천동,95,77
경상남도김해시삼안동,95,77
경상남도김해시불암동,95,77
경상남도김해시장유1동,93,76
경상남도김해시장유2동,93,76
경상남도김해시장유3동,93,76
경상남도밀양시,92,83
경상남도밀양시삼랑진읍,93,80
경상남도밀양시하남읍,91,80
경상남도밀양시부북면,91,83
경상남도밀양시상동면,92,84
경상남도밀양시산외면,93,83
경상남도밀양시산내면,94,84
경상남도밀양시단장면,94,83
경상남도밀양시상남면,92,81
경상남도밀양시초동면,91,81
경상남도밀양시무안면,90,82
경상남도밀양시청도면,90,83
경상남도밀양시내일동,92,82
경상남도밀양시내이동,92,82
경상남도밀양시삼문동,92,82
경상남도밀양시가곡동,92,82
경상남도밀양시교동,92,83
경상남도거제시,90,69
경상남도거제시일운면,92,68
경상남도거제시동부면,90,68
경상남도거제시남부면,90,66
경상남도거제시거제면,89,68
경상남도거제시둔덕면,88,68
경상남도거제시사등면,88,70
경상남도거제시연초면,91,70
경상남도거제시하청면,91,71
경상남도거제시장목면,91,71
경상남도거제시장승포동,92,69
경상남도거제시능포동,92,69
경상남도거제시아주동,91,69
경상남도거제시옥포1동,91,69
경상남도거제시옥포2동,91,69
경상남도거제시장평동,90,69
경상남도거제시고현동,90,69
경상남도거제시상문동,90,69
경상남도거제시수양동,91,69
경상남도양산시,97,79
경상남도양산시물금읍,96,78
경상남도양산시동면,98,79
경상남도양산시원동면,95,80
경상남도양산시상북면,97,81
경상남도양산시하북면,98,82
경상남도양산시중앙동,97,79
경상남도양산시양주동,97,79
경상남도양산시삼성동,97,79
경상남도양산시강서동,97,79
경상남도양산시서창동,99,81
경상남도양산시소주동,99,81
경상남도양산시평산동,99,80
경상남도양산시덕계동,99,80
경상남도의령군,83,78
경상남도의령군의령읍,83,78
경상남도의령군가례면,83,78
경상남도의령군칠곡면,82,79
경상남도의령군대의면,81,79
경상남도의령군화정면,82,77
경상남도의령군용덕면,84,79
경상남도의령군정곡면,84,80
경상남도의령군지정면,85,80
경상남도의령군낙서면,85,82
경상남도의령군부림면,84,81
경상남도의령군봉수면,83,82
경상남도의령군궁류면,83,81
경상남도의령군유곡면,84,81
경상남도함안군,86,77
경상남도함안군가야읍,86,77
경상남도함안군칠원읍,88,78
경상남도함안군함안면,86,77
경상남도함안군군북면,85,77
경상남도함안군법수면,85,78
경상남도함안군대산면,86,79
경상남도함안군칠서면,87,79
경상남도함안군칠북면,88,79
경상남도함안군산인면,86,77
경상남도함안군여항면,86,76
경상남도창녕군,87,83
경상남도창녕군창녕읍,87,83
경상남도창녕군남지읍,87,80
경상남도창녕군고암면,88,84
경상남도창녕군성산면,87,85
경상남도창녕군대합면,87,85
경상남도창녕군이방면,85,84
경상남도창녕군유어면,86,82
경상남도창녕군대지면,87,84
경상남도창녕군계성면,88,82
경상남도창녕군영산면,88,81
경상남도창녕군장마면,87,81
경상남도창녕군도천면,88,81
경상남도창녕군길곡면,89,80
경상남도창녕군부곡면,89,81
경상남도고성군,85,71
경상남도고성군고성읍,85,71
경상남도고성군삼산면,84,70
경상남도고성군하일면,82,70
경상남도고성군하이면,81,70
경상남도고성군상리면,82,71
경상남도고성군대가면,84,72
경상남도고성군영현면,82,72
경상남도고성군영오면,83,74
경상남도고성군개천면,83,73
경상남도고성군구만면,85,73
경상남도고성군회화면,85,73
경상남도고성군마암면,85,73
경상남도고성군동해면,86,72
경상남도고성군거류면,86,71
경상남도남해군,77,68
경상남도남해군남해읍,77,68
경상남도남해군이동면,78,67
경상남도남해군상주면,79,65
경상남도남해군삼동면,79,67
경상남도남해군미조면,80,65
경상남도남해군남면,77,66
경상남도남해군서면,76,67
경상남도남해군고현면,77,69
경상남도남해군설천면,77,69
경상남도남해군창선면,79,68
경상남도하동군,74,73
경상남도하동군하동읍,74,73
경상남도하동군화개면,72,75
경상남도하동군악양면,74,75
경상남도하동군적량면,75,73
경상남도하동군횡천면,75,73
경상남도하동군고전면,76,72
경상남도하동군금남면,76,70
경상남도하동군진교면,77,72
경상남도하동군양보면,76,72
경상남도하동군북천면,77,74
경상남도하동군청암면,75,74
경상남도하동군옥종면,77,75
경상남도하동군금성면,75,70
경상남도산청군,76,80
경상남도산청군산청읍,76,80
경상남도산청군차황면,77,81
경상남도산청군오부면,76,81
경상남도산청군생초면,76,82
경상남도산청군금서면,76,80
경상남도산청군삼장면,76,78
경상남도산청군시천면,76,77
경상남도산청군단성면,78,78
경상남도산청군신안면,78,78
경상남도산청군생비량면,79,79
경상남도산청군신등면,79,80
경상남도함양군,74,82
경상남도함양군함양읍,74,82
경상남도함양군마천면,73,80
경상남도함양군휴천면,74,82
경상남도함양군유림면,75,81
경상남도함양군수동면,75,82
경상남도함양군지곡면,74,83
경상남도함양군안의면,75,85
경상남도함양군서하면,73,85
경상남도함양군서상면,73,86
경상남도함양군백전면,72,83
경상남도함양군병곡면,73,83
경상남도거창군,77,86
경상남도거창군거창읍,77,86
경상남도거창군주상면,77,87
경상남도거창군웅양면,77,89
경상남도거창군고제면,76,89
경상남도거창군북상면,75,88
경상남도거창군위천면,75,87
경상남도거창군마리면,76,86
경상남도거창군남상면,77,85
경상남도거창군남하면,77,86
경상남도거창군신원면,77,84
경상남도거창군가조면,79,87
경상남도거창군가북면,78,88
경상남도합천군,81,84
경상남도합천군합천읍,81,84
경상남도합천군봉산면,79,85
경상남도합천군묘산면,80,86
경상남도합천군가야면,81,88
경상남도합천군야로면,81,87
경상남도합천군율곡면,82,84
경상남도합천군초계면,83,83
경상남도합천군쌍책면,83,84
경상남도합천군덕곡면,85,85
경상남도합천군청덕면,84,84
경상남도합천군적중면,83,83
경상남도합천군대양면,82,83
경상남도합천군쌍백면,81,81
경상남도합천군삼가면,81,80
경상남도합천군가회면,79,81
경상남도합천군대병면,79,83
경상남도합천군용주면,81,83
제주특별자치도,52,38
제주특별자치도제주시,53,38
제주특별자치도제주시한림읍,48,36
제주특별자치도제주시애월읍,49,37
제주특별자치도제주시구좌읍,59,38
제주특별자치도제주시조천읍,55,39
제주특별자치도제주시한경면,46,35
제주특별자치도제주시추자면,48,48
제주특별자치도제주시우도면,60,38
제주특별자치도제주시일도1동,53,38
제주특별자치도제주시일도2동,53,38
제주특별자치도제주시이도1동,53,38
제주특별자치도제주시이도2동,53,38
제주특별자치도제주시삼도1동,53,38
제주특별자치도제주시삼도2동,53,38
제주특별자치도제주시용담1동,52,38
제주특별자치도제주시용담2동,52,38
제주특별자치도제주시건입동,53,38
제주특별자치도제주시화북동,53,38
제주특별자치도제주시삼양동,54,38
제주특별자치도제주시봉개동,54,38
제주특별자치도제주시아라동,53,37
제주특별자치도제주시오라동,52,38
제주특별자치도제주시연동,52,38
제주특별자치도제주시노형동,52,38
제주특별자치도제주시외도동,51,38
제주특별자치도제주시이호동,51,38
제주특별자치도제주시도두동,52,38
제주특별자치도서귀포시,52,33
제주특별자치도서귀포시대정읍/마라도포함,48,32
제주특별자치도서귀포시남원읍,56,33
제주특별자치도서귀포시성산읍,60,37
제주특별자치도서귀포시안덕면,49,32
제주특별자치도서귀포시표선면,58,34
제주특별자치도서귀포시송산동,53,32
제주특별자치도서귀포시정방동,53,32
제주특별자치도서귀포시중앙동,53,32
제주특별자치도서귀포시천지동,53,32
제주특별자치도서귀포시효돈동,54,33
제주특별자치도서귀포시영천동,54,33
제주특별자치도서귀포시동홍동,53,33
제주특별자치도서귀포시서홍동,53,33
제주특별자치도서귀포시대륜동,52,32
제주특별자치도서귀포시대천동,52,32
제주특별자치도서귀포시중문동,51,32
제주특별자치도서귀포시예래동,50,32
이어도,28,8
